member_id,weight_kg,height_cm,calories_intake,protein_g,workout_days_week,experience_level,joining_year,fat_percentage,fitness_score
ID_0 Yoga,76.2,196,3317 kcal,189,5,Intermediate,2024,25.0,57.354502283664715
ID_1 Cardio,116.6,161,3766 kcal,83,2,Intermediate,2025,31.2,12.51751451728061
ID_2 Bodybuilding,101.2,165,3051 kcal,75,7,Intermediate,2024,29.2,34.51882661421001
ID_3 Crossfit,91.9,173,1672 kcal,116,4,Advanced,2025,19.6,34.21308068972544
ID_4 Cardio,60.9,168,2614 kcal,70,2,Advanced,2024,13.4,11.59557268976557
ID_5 Bodybuilding,60.9,157,3843 kcal,86,5,Beginner,2022,21.9,23.373843584173677
ID_6 Crossfit,54.1,180,2716 kcal,94,1,Advanced,2025,27.9,12.345845626864095
ID_7 Bodybuilding,110.6,170,2746 kcal,145,3,Intermediate,2023,19.8,52.96495709807041
ID_8 Bodybuilding,92.1,166,3040 kcal,197,6,Beginner,2022,26.0,72.98333027815607
ID_9 Yoga,99.6,172,3065 kcal,160,7,Beginner,2025,10.5,88.896300156914
ID_10 Bodybuilding,51.4,186,1867 kcal,94,6,Intermediate,2025,28.2,34.55438560495576
ID_11 Crossfit,117.9,165,2350 kcal,183,5,Beginner,2023,29.9,60.48365146572891
ID_12 Crossfit,108.3,155,2379 kcal,51,7,Advanced,2025,27.1,27.730984133426503
ID_13 Yoga,64.9,157,3805 kcal,184,7,Intermediate,2024,34.1,61.655321993859815
ID_14 Powerlifting,62.7,174,3689 kcal,183,1,Advanced,2023,30.3,47.57769606796948
ID_15 Crossfit,62.8,167,2800 kcal,179,7,Intermediate,2022,32.4,64.07739222992825
ID_16 Zumba,71.3,174,3428 kcal,175,4,Elite,2022,33.2,59.06768340983522
ID_17 Yoga,86.7,161,2222 kcal,42,2,Beginner,2024,29.6,-13.746530117407335
ID_18 Yoga,80.2,164,1548 kcal,183,2,Beginner,2022,26.2,50.00213960699937
ID_19 Bodybuilding,70.4,175,1774 kcal,69,2,Elite,2025,8.2,28.05293568771177
ID_20 Cardio,92.8,190,2768 kcal,62,4,Elite,2025,20.6,20.34159273911241
ID_21 Powerlifting,59.8,194,3936 kcal,131,6,Elite,2024,23.4,56.77414250309049
ID_22 Cardio,70.5,175,3436 kcal,154,1,Beginner,2022,16.2,40.73158790876661
ID_23 Powerlifting,75.6,196,3589 kcal,143,7,Elite,2022,16.6,72.09343795876683
ID_24 Cardio,81.9,181,2943 kcal,157,4,Beginner,2024,34.0,42.69065853201362
ID_25 Yoga,105.0,159,3790 kcal,44,2,Elite,2023,32.1,-13.558691120140637
ID_26 Zumba,64.0,165,1609 kcal,143,5,Elite,2022,30.9,47.140293087297096
ID_27 Zumba,86.0,156,1908 kcal,147,3,Beginner,2023,19.0,44.26815043256111
ID_28 Cardio,91.5,166,3135 kcal,104,7,Intermediate,2022,8.4,64.88773055474658
ID_29 Yoga,53.3,172,1624 kcal,160,4,Intermediate,2022,10.2,67.99407937798168
ID_30 Zumba,92.5,175,2354 kcal,69,4,Elite,2022,16.4,26.30284535225491
ID_31 Yoga,61.9,170,1919 kcal,188,1,Intermediate,2022,8.4,77.35517729960603
ID_32 Powerlifting,54.6,171,3216 kcal,123,1,Intermediate,2025,8.5,51.332278630787
ID_33 Cardio,116.4,156,2381 kcal,189,4,Intermediate,2023,32.7,62.71208230290611
ID_34 Zumba,117.6,163,3945 kcal,71,2,Intermediate,2023,27.1,3.5687135995957453
ID_35 Crossfit,106.6,164,3958 kcal,200,3,Beginner,2022,16.3,79.97809138400103
ID_36 Cardio,71.3,156,2926 kcal,55,7,Beginner,2022,11.6,43.64181063462902
ID_37 Powerlifting,56.8,158,3289 kcal,77,1,Elite,2023,21.8,9.867948517515039
ID_38 Yoga,97.9,197,2153 kcal,181,7,Beginner,2025,8.1,97.29319326190416
ID_39 Crossfit,80.8,157,2285 kcal,75,2,Advanced,2024,33.3,8.832089286895632
ID_40 Yoga,58.5,199,3051 kcal,190,7,Advanced,2024,19.2,94.78919302778233
ID_41 Powerlifting,84.7,172,3356 kcal,153,5,Intermediate,2023,18.9,67.2444820922355
ID_42 Cardio,52.4,178,3976 kcal,105,1,Elite,2022,18.5,23.94849517244687
ID_43 Crossfit,113.7,167,3593 kcal,144,2,Beginner,2022,9.9,55.9178037912728
ID_44 Cardio,68.1,180,1853 kcal,124,2,Elite,2025,25.2,32.012833022688675
ID_45 Bodybuilding,96.4,179,1787 kcal,41,3,Beginner,2024,27.8,-4.568044559270109
ID_46 Bodybuilding,71.8,188,2061 kcal,114,3,Elite,2025,26.3,33.731578579822525
ID_47 Crossfit,86.4,184,3497 kcal,106,5,Beginner,2024,11.7,48.75377444278547
ID_48 Yoga,88.3,167,3163 kcal,219,2,Beginner,2023,23.6,71.23921843998703
ID_49 Bodybuilding,62.9,191,2181 kcal,190,6,Intermediate,2024,23.4,66.47142225103686
ID_50 Bodybuilding,117.9,188,1634 kcal,193,2,Elite,2025,31.4,46.76690736698935
ID_51 Bodybuilding,104.3,166,3797 kcal,94,3,Intermediate,2025,18.2,41.14838566459722
ID_52 Yoga,115.8,163,2167 kcal,45,6,Intermediate,2025,18.0,31.580957471959557
ID_53 Bodybuilding,112.6,180,3882 kcal,202,1,Beginner,2023,24.7,63.83734224967263
ID_54 Cardio,91.9,173,1696 kcal,189,1,Elite,2024,25.1,47.143461663228095
ID_55 Zumba,114.5,184,1644 kcal,210,7,Advanced,2024,20.7,94.67886418400218
ID_56 Zumba,56.2,193,1569 kcal,182,4,Intermediate,2025,20.0,75.20996126547152
ID_57 Yoga,63.7,194,3263 kcal,125,3,Beginner,2024,21.3,42.605474673526885
ID_58 Bodybuilding,53.2,183,1573 kcal,99,4,Beginner,2022,31.2,24.7028293867916
ID_59 Crossfit,72.8,152,1653 kcal,140,6,Beginner,2022,20.5,69.55290985165033
ID_60 Crossfit,77.2,186,2005 kcal,51,3,Elite,2022,33.4,-9.882274828069633
ID_61 Crossfit,69.0,192,3866 kcal,88,5,Elite,2024,21.6,33.358809802772484
ID_62 Bodybuilding,108.0,189,1640 kcal,81,2,Intermediate,2023,33.6,-6.690427813346773
ID_63 Zumba,75.0,175,3223 kcal,205,5,Intermediate,2023,30.5,64.924469740322
ID_64 Crossfit,69.7,172,3096 kcal,121,6,Elite,2023,17.8,62.41092696089486
ID_65 Cardio,88.0,193,3383 kcal,212,3,Elite,2023,31.3,57.653253669039394
ID_66 Zumba,59.9,188,2594 kcal,74,6,Elite,2022,11.0,50.07762127062549
ID_67 Cardio,106.2,164,1547 kcal,197,2,Intermediate,2022,33.0,57.49242520984041
ID_68 Powerlifting,55.2,198,2377 kcal,197,1,Beginner,2025,25.1,52.79030912504032
ID_69 Powerlifting,119.1,153,3135 kcal,173,1,Beginner,2024,9.5,65.39931719899907
ID_70 Cardio,104.1,178,2981 kcal,106,6,Intermediate,2024,25.4,45.63656064771461
ID_71 Yoga,63.9,171,2935 kcal,119,4,Beginner,2023,34.3,20.33252468466717
ID_72 Bodybuilding,50.4,174,2371 kcal,46,3,Elite,2022,9.9,18.437738273494766
ID_73 Powerlifting,107.1,162,2745 kcal,219,3,Elite,2023,23.0,69.981693941641
ID_74 Yoga,99.5,167,2508 kcal,53,1,Intermediate,2025,28.2,-10.323615550415138
ID_75 Crossfit,101.0,182,3107 kcal,112,7,Elite,2024,29.9,47.500553490405515
ID_76 Powerlifting,104.0,165,2426 kcal,182,5,Beginner,2024,19.2,71.78401634528853
ID_77 Zumba,55.2,194,3897 kcal,188,7,Advanced,2023,13.5,93.82423386534091
ID_78 Cardio,75.1,191,3748 kcal,202,2,Advanced,2025,9.1,74.66769191534384
ID_79 Bodybuilding,58.1,193,2412 kcal,105,5,Elite,2024,23.7,44.69211082266851
ID_80 Zumba,110.4,151,3988 kcal,130,5,Intermediate,2025,20.2,50.03445004888332
ID_81 Powerlifting,93.6,184,3136 kcal,169,6,Elite,2025,33.6,64.89490275954978
ID_82 Zumba,73.2,191,1637 kcal,202,1,Beginner,2023,9.6,74.58464546924682
ID_83 Zumba,54.4,183,3653 kcal,59,7,Beginner,2022,26.5,19.765002110184607
ID_84 Bodybuilding,71.8,179,3296 kcal,49,7,Elite,2023,8.7,43.30486626727188
ID_85 Zumba,72.8,162,3448 kcal,64,1,Advanced,2022,12.6,10.16611586266918
ID_86 Bodybuilding,101.1,162,1888 kcal,64,7,Beginner,2025,20.2,39.306746886890764
ID_87 Zumba,94.6,167,3005 kcal,93,1,Advanced,2022,20.3,16.53318608836567
ID_88 Bodybuilding,112.1,181,3062 kcal,72,6,Intermediate,2025,26.5,27.816051275136772
ID_89 Zumba,83.1,181,3619 kcal,203,4,Intermediate,2024,32.6,60.23323444976719
ID_90 Yoga,58.4,184,2981 kcal,134,5,Advanced,2024,25.3,45.46328848068337
ID_91 Cardio,99.9,188,2405 kcal,53,6,Beginner,2024,33.7,5.891889951921863
ID_92 Powerlifting,103.3,195,3521 kcal,104,3,Beginner,2023,31.8,22.621114684107653
ID_93 Crossfit,89.3,178,3658 kcal,149,2,Advanced,2023,23.8,40.1742344910015
ID_94 Cardio,104.0,198,3048 kcal,119,4,Intermediate,2025,30.5,29.426545531508072
ID_95 Cardio,84.6,178,1631 kcal,93,3,Elite,2024,25.3,20.848930507789202
ID_96 Yoga,86.6,193,3678 kcal,164,5,Elite,2023,10.1,75.08569103257113
ID_97 Zumba,79.9,165,2222 kcal,219,7,Advanced,2024,28.0,87.44324286611987
ID_98 Zumba,51.8,193,3283 kcal,170,1,Beginner,2023,10.6,61.30814907346744
ID_99 Crossfit,57.6,196,3010 kcal,208,5,Intermediate,2022,24.0,74.22931500471618
ID_100 Crossfit,52.2,159,1981 kcal,173,6,Elite,2022,27.0,62.35324003460397
ID_101 Powerlifting,94.5,179,2974 kcal,64,2,Beginner,2024,9.8,30.73142046811337
ID_102 Bodybuilding,72.0,174,2165 kcal,180,6,Advanced,2025,14.2,83.14621733600222
ID_103 Yoga,85.6,188,2047 kcal,156,4,Intermediate,2023,32.7,40.40219595537995
ID_104 Zumba,113.5,169,2274 kcal,175,4,Elite,2023,24.6,53.76064197220363
ID_105 Powerlifting,67.5,154,2725 kcal,188,2,Beginner,2022,14.6,71.93338818737121
ID_106 Bodybuilding,78.7,150,3365 kcal,64,3,Elite,2022,26.6,3.4003709324457834
ID_107 Cardio,102.9,179,1812 kcal,118,3,Elite,2025,24.1,33.20353669519271
ID_108 Cardio,66.0,198,2555 kcal,107,4,Beginner,2025,21.5,28.459074653417048
ID_109 Zumba,55.4,152,1960 kcal,212,4,Intermediate,2025,34.4,67.6108640018206
ID_110 Powerlifting,70.3,194,2531 kcal,51,7,Advanced,2024,26.5,29.48428121809291
ID_111 Crossfit,61.3,163,3565 kcal,71,1,Advanced,2022,18.1,14.10260172739008
ID_112 Cardio,115.1,179,3140 kcal,167,7,Advanced,2024,29.6,58.607599342973515
ID_113 Cardio,106.6,199,2615 kcal,135,7,Elite,2022,31.9,54.91381071954616
ID_114 Crossfit,94.3,153,3004 kcal,131,3,Beginner,2022,11.4,49.58325500179824
ID_115 Cardio,111.0,167,1957 kcal,180,2,Intermediate,2023,13.4,60.06514060639194
ID_116 Zumba,106.3,186,1766 kcal,70,3,Beginner,2022,13.8,24.522694771211736
ID_117 Cardio,63.1,174,1816 kcal,117,1,Advanced,2022,26.7,17.743161633267558
ID_118 Zumba,112.5,197,1785 kcal,59,6,Intermediate,2024,24.3,21.914756744098554
ID_119 Crossfit,87.8,150,1500 kcal,185,4,Beginner,2022,24.7,70.72837123952347
ID_120 Crossfit,106.5,195,1620 kcal,99,4,Intermediate,2024,33.4,29.579129982213136
ID_121 Powerlifting,112.7,164,2164 kcal,173,1,Intermediate,2025,28.9,32.67431731325268
ID_122 Zumba,72.3,158,3101 kcal,199,7,Elite,2022,11.5,97.35583802837706
ID_123 Yoga,57.7,164,2490 kcal,132,2,Advanced,2022,17.4,42.63374168022479
ID_124 Powerlifting,66.0,198,1806 kcal,82,4,Advanced,2024,19.8,27.096417545313866
ID_125 Bodybuilding,79.9,173,1651 kcal,169,5,Advanced,2025,18.7,72.15699374639259
ID_126 Crossfit,107.3,153,2014 kcal,99,7,Elite,2023,26.1,47.859926779728966
ID_127 Bodybuilding,110.3,161,2605 kcal,190,4,Advanced,2025,32.1,61.226829711350206
ID_128 Bodybuilding,50.5,186,2501 kcal,70,5,Beginner,2024,16.3,36.48866783924916
ID_129 Yoga,85.8,186,2129 kcal,44,1,Elite,2025,22.9,3.415477604598621
ID_130 Powerlifting,79.2,192,2655 kcal,201,1,Intermediate,2024,29.3,42.29526358541946
ID_131 Crossfit,65.5,155,2517 kcal,49,7,Intermediate,2024,19.2,38.96054395977308
ID_132 Crossfit,58.4,188,3192 kcal,128,4,Intermediate,2023,12.5,54.135041829551284
ID_133 Yoga,73.6,195,3619 kcal,169,3,Beginner,2022,20.8,61.56562610337814
ID_134 Bodybuilding,116.0,173,2189 kcal,165,5,Advanced,2024,9.5,74.45166885860277
ID_135 Bodybuilding,72.6,160,3534 kcal,50,2,Intermediate,2024,33.4,-14.622481959466388
ID_136 Cardio,86.3,162,2871 kcal,217,4,Intermediate,2023,10.0,98.11058645741015
ID_137 Powerlifting,99.2,183,2279 kcal,198,2,Elite,2024,19.8,55.796349886250766
ID_138 Yoga,75.5,174,3498 kcal,95,4,Elite,2022,22.3,36.18721039144156
ID_139 Powerlifting,118.0,156,3233 kcal,122,3,Beginner,2023,34.6,28.57981751170794
ID_140 Bodybuilding,117.4,153,2247 kcal,176,3,Advanced,2022,12.5,71.2889242691448
ID_141 Powerlifting,67.6,157,2859 kcal,138,7,Intermediate,2022,11.1,77.5888051778928
ID_142 Cardio,84.8,169,2465 kcal,188,7,Elite,2023,8.2,96.19181927545773
ID_143 Bodybuilding,71.1,178,3877 kcal,112,3,Beginner,2024,12.2,48.532247012018345
ID_144 Crossfit,69.9,194,2120 kcal,195,6,Elite,2022,13.6,93.41832623203713
ID_145 Cardio,52.6,195,3600 kcal,154,3,Beginner,2022,25.0,41.992473019880876
ID_146 Bodybuilding,92.7,159,2311 kcal,46,1,Advanced,2022,13.9,4.762600249559043
ID_147 Yoga,85.2,192,2438 kcal,119,1,Advanced,2022,8.6,41.48332287652099
ID_148 Bodybuilding,53.6,183,1618 kcal,183,6,Advanced,2023,30.3,64.87598901740407
ID_149 Bodybuilding,69.5,175,1581 kcal,136,5,Beginner,2023,17.9,51.10544293325013
ID_150 Crossfit,113.6,190,1618 kcal,43,2,Elite,2025,17.5,9.695101542919476
ID_151 Cardio,66.8,198,3690 kcal,43,4,Advanced,2025,16.2,16.542447720490532
ID_152 Zumba,60.1,152,2984 kcal,142,4,Intermediate,2022,34.3,35.71682387946656
ID_153 Bodybuilding,84.3,155,1917 kcal,79,6,Intermediate,2024,12.6,43.58866706301287
ID_154 Yoga,119.0,154,1699 kcal,56,1,Beginner,2022,32.3,-8.983642630140046
ID_155 Yoga,66.9,154,3500 kcal,140,7,Elite,2024,29.0,57.19348092190702
ID_156 Cardio,97.0,196,2446 kcal,142,4,Intermediate,2022,10.1,70.7439219456521
ID_157 Bodybuilding,103.3,172,2498 kcal,163,1,Intermediate,2025,34.6,31.08299356469492
ID_158 Powerlifting,66.6,198,3417 kcal,91,5,Advanced,2025,15.3,42.026577990814445
ID_159 Crossfit,101.0,158,1583 kcal,91,2,Intermediate,2024,10.7,29.8614159124872
ID_160 Powerlifting,75.7,184,3270 kcal,203,5,Beginner,2022,30.4,74.04976341958323
ID_161 Bodybuilding,94.3,169,1780 kcal,163,6,Intermediate,2024,27.1,61.26711950606771
ID_162 Powerlifting,94.3,198,3358 kcal,205,3,Elite,2025,24.7,66.5014121670189
ID_163 Crossfit,87.5,191,3637 kcal,217,3,Beginner,2022,12.2,86.30014196853664
ID_164 Bodybuilding,56.3,184,3511 kcal,102,3,Beginner,2022,20.9,28.71196144671436
ID_165 Powerlifting,108.5,199,3552 kcal,155,5,Elite,2024,29.1,51.30730502885065
ID_166 Yoga,72.5,167,3015 kcal,101,4,Advanced,2023,16.2,50.59103781366289
ID_167 Powerlifting,63.1,166,3356 kcal,46,2,Elite,2024,16.4,3.480889729361545
ID_168 Cardio,52.9,173,2900 kcal,194,3,Elite,2025,8.1,78.80747894619196
ID_169 Powerlifting,91.4,152,2188 kcal,131,6,Elite,2025,12.7,74.08162209077126
ID_170 Yoga,97.4,181,2771 kcal,53,6,Intermediate,2025,31.6,11.405978077524642
ID_171 Cardio,51.2,184,2777 kcal,125,3,Advanced,2025,19.9,38.86689357962553
ID_172 Powerlifting,85.8,187,3958 kcal,172,3,Elite,2025,34.6,47.454319283867164
ID_173 Powerlifting,65.9,162,3509 kcal,169,2,Intermediate,2023,18.7,48.05902191359125
ID_174 Crossfit,95.2,196,2666 kcal,101,3,Elite,2022,27.3,26.747272146267036
ID_175 Crossfit,62.2,174,3946 kcal,188,2,Intermediate,2024,15.6,66.70808214660772
ID_176 Powerlifting,98.4,158,2896 kcal,118,6,Intermediate,2024,17.8,58.16401065415989
ID_177 Yoga,77.1,153,2583 kcal,188,3,Elite,2025,13.1,76.71015477626064
ID_178 Yoga,115.6,163,1745 kcal,177,5,Intermediate,2024,17.4,71.7800870675868
ID_179 Zumba,59.6,186,3374 kcal,97,7,Advanced,2025,22.8,51.69591890074955
ID_180 Powerlifting,73.9,183,3495 kcal,159,5,Beginner,2023,34.8,44.08931144260965
ID_181 Yoga,57.9,160,2954 kcal,206,6,Intermediate,2023,25.9,83.36424509499372
ID_182 Cardio,114.7,190,2742 kcal,172,2,Advanced,2022,13.4,68.90862242764568
ID_183 Zumba,111.4,152,2087 kcal,104,5,Advanced,2023,9.2,62.45450849923234
ID_184 Yoga,68.1,177,2710 kcal,52,2,Advanced,2023,11.4,15.784368320296538
ID_185 Yoga,96.2,178,3936 kcal,121,5,Elite,2022,23.2,47.87567637120505
ID_186 Yoga,107.2,158,2092 kcal,212,5,Beginner,2024,28.7,73.56255604898192
ID_187 Crossfit,88.9,152,2172 kcal,199,2,Elite,2025,33.4,62.03898113634388
ID_188 Zumba,87.1,174,2797 kcal,203,4,Beginner,2025,8.4,95.0206300293691
ID_189 Bodybuilding,66.9,183,3750 kcal,178,5,Beginner,2024,22.1,70.10029217918469
ID_190 Yoga,56.5,161,3677 kcal,188,3,Elite,2022,20.7,66.92281086728872
ID_191 Crossfit,112.8,191,3857 kcal,91,7,Beginner,2024,25.7,42.595527077230344
ID_192 Bodybuilding,113.0,158,3208 kcal,156,6,Elite,2023,23.1,66.86371770391742
ID_193 Powerlifting,94.3,164,2163 kcal,65,4,Beginner,2022,26.6,12.880008911767213
ID_194 Yoga,73.7,189,3656 kcal,73,2,Intermediate,2022,25.8,6.268363503824127
ID_195 Zumba,74.4,174,3090 kcal,91,4,Intermediate,2022,11.2,42.20073319136753
ID_196 Zumba,100.8,154,2512 kcal,151,1,Beginner,2025,29.6,24.181541474763964
ID_197 Powerlifting,112.8,160,3739 kcal,121,1,Elite,2024,11.3,43.431372034872304
ID_198 Cardio,112.1,183,2917 kcal,219,5,Advanced,2022,26.9,76.31147478675516
ID_199 Yoga,104.6,173,2091 kcal,196,5,Intermediate,2022,19.2,75.06024960507644
ID_200 Yoga,94.9,164,2197 kcal,205,3,Intermediate,2022,21.9,70.64822766717926
ID_201 Bodybuilding,55.9,187,2485 kcal,81,7,Advanced,2024,32.4,27.869386851550576
ID_202 Cardio,61.3,157,3698 kcal,60,6,Elite,2025,32.0,16.848172378944945
ID_203 Yoga,112.9,154,2112 kcal,81,4,Elite,2023,30.1,13.438973153017953
ID_204 Crossfit,92.5,197,1626 kcal,180,1,Beginner,2025,21.8,48.87728720884513
ID_205 Zumba,50.6,175,3580 kcal,152,5,Advanced,2022,27.9,55.78059752544247
ID_206 Crossfit,57.1,167,3214 kcal,144,6,Intermediate,2025,21.8,64.59608600247597
ID_207 Zumba,96.4,155,2411 kcal,56,4,Intermediate,2025,31.5,7.5476252308833995
ID_208 Crossfit,50.4,186,3353 kcal,159,5,Beginner,2023,18.9,66.08983806175742
ID_209 Powerlifting,61.3,197,3232 kcal,176,5,Elite,2024,34.2,55.20461311666138
ID_210 Powerlifting,88.4,162,2029 kcal,208,1,Intermediate,2024,33.2,49.51219443855252
ID_211 Powerlifting,98.4,177,2713 kcal,168,1,Advanced,2025,28.0,35.31979130095512
ID_212 Cardio,95.6,154,2812 kcal,169,5,Elite,2025,15.5,81.37023300073052
ID_213 Yoga,65.7,162,2387 kcal,99,2,Beginner,2024,11.6,42.3379401624385
ID_214 Cardio,99.9,166,2765 kcal,87,5,Elite,2024,31.1,26.45122795500484
ID_215 Zumba,66.6,199,2727 kcal,68,6,Beginner,2023,12.5,40.07069206799201
ID_216 Powerlifting,72.8,189,2955 kcal,136,5,Advanced,2022,31.1,44.775720589750755
ID_217 Zumba,102.3,194,3532 kcal,49,3,Advanced,2025,21.3,13.931849688848862
ID_218 Yoga,95.5,181,2133 kcal,97,7,Elite,2024,19.0,44.884015491394294
ID_219 Cardio,109.4,178,2932 kcal,60,3,Elite,2025,32.4,8.592558808492491
ID_220 Bodybuilding,96.0,152,1502 kcal,67,3,Advanced,2025,24.3,3.9430619442210215
ID_221 Zumba,89.8,189,3962 kcal,73,2,Elite,2024,23.6,14.403029098545378
ID_222 Yoga,56.6,183,1649 kcal,47,2,Intermediate,2023,23.1,8.346411531262344
ID_223 Crossfit,75.7,189,3227 kcal,216,5,Elite,2025,18.0,89.23468267986486
ID_224 Crossfit,68.6,176,3569 kcal,118,3,Advanced,2023,29.2,26.407678000884637
ID_225 Crossfit,67.1,162,2944 kcal,184,2,Intermediate,2024,14.8,69.17830396323463
ID_226 Powerlifting,118.1,194,3983 kcal,126,1,Elite,2022,33.4,24.579409459669368
ID_227 Cardio,77.5,182,1673 kcal,127,5,Intermediate,2022,32.1,35.874661810293176
ID_228 Zumba,112.4,155,2475 kcal,212,6,Elite,2025,17.1,90.37522404067029
ID_229 Yoga,94.2,173,2551 kcal,108,7,Advanced,2024,27.7,42.84112272196005
ID_230 Yoga,105.6,168,2458 kcal,199,4,Advanced,2023,23.5,63.6374300385689
ID_231 Bodybuilding,85.2,165,1648 kcal,211,5,Beginner,2025,17.1,93.36878949357579
ID_232 Crossfit,90.4,189,2372 kcal,126,4,Elite,2024,34.7,26.189584736430707
ID_233 Powerlifting,84.5,177,1922 kcal,140,3,Advanced,2024,8.7,59.518304229672225
ID_234 Bodybuilding,63.7,182,3047 kcal,47,7,Elite,2023,14.8,40.58810565709502
ID_235 Bodybuilding,100.6,197,3884 kcal,116,4,Elite,2025,22.0,38.11544837795076
ID_236 Cardio,69.7,190,2912 kcal,126,3,Elite,2024,22.1,42.67545197694199
ID_237 Powerlifting,51.7,162,2183 kcal,82,1,Advanced,2024,23.9,3.9295574809185743
ID_238 Cardio,95.2,192,3258 kcal,168,4,Advanced,2024,28.3,58.03359714161999
ID_239 Crossfit,62.4,194,3847 kcal,148,7,Intermediate,2023,24.8,66.14952510632735
ID_240 Yoga,115.8,174,1673 kcal,218,5,Intermediate,2025,24.2,82.71710484590166
ID_241 Bodybuilding,116.8,191,2938 kcal,191,3,Elite,2025,9.4,80.77446743971899
ID_242 Bodybuilding,114.0,185,3827 kcal,191,5,Intermediate,2025,18.2,73.12619352673632
ID_243 Cardio,75.9,176,2302 kcal,56,7,Advanced,2025,14.3,40.78000371973486
ID_244 Powerlifting,51.1,187,2654 kcal,172,2,Beginner,2022,15.2,59.851651073216985
ID_245 Bodybuilding,115.0,156,1775 kcal,187,3,Advanced,2022,23.0,55.90283694781218
ID_246 Powerlifting,80.0,154,2860 kcal,60,4,Advanced,2025,13.4,24.564622865467282
ID_247 Zumba,117.7,192,2079 kcal,97,3,Elite,2023,15.9,34.07377371023742
ID_248 Zumba,117.5,194,2612 kcal,198,5,Elite,2022,14.4,83.8835390752608
ID_249 Zumba,109.7,180,3190 kcal,149,1,Beginner,2024,33.6,12.21943047474791
ID_250 Yoga,70.6,172,2243 kcal,178,3,Advanced,2022,33.5,51.38193769804434
ID_251 Bodybuilding,77.0,191,3391 kcal,219,4,Advanced,2024,24.5,77.4895506245517
ID_252 Crossfit,109.6,159,3507 kcal,182,2,Intermediate,2025,33.0,31.830248953817268
ID_253 Yoga,72.2,181,3891 kcal,174,6,Beginner,2022,29.2,75.23481469839697
ID_254 Yoga,61.9,192,3040 kcal,67,1,Beginner,2023,23.9,9.326961656565949
ID_255 Bodybuilding,89.0,179,2467 kcal,90,2,Beginner,2022,8.2,34.415089744658324
ID_256 Cardio,115.5,188,3205 kcal,44,3,Elite,2022,28.9,-6.292487456833504
ID_257 Powerlifting,98.7,180,2047 kcal,44,5,Advanced,2022,27.0,12.215956053802612
ID_258 Zumba,89.9,167,2026 kcal,133,7,Intermediate,2025,24.6,59.69163407442071
ID_259 Bodybuilding,56.8,185,3542 kcal,135,5,Beginner,2023,28.5,47.51044962400187
ID_260 Zumba,93.1,151,1675 kcal,47,4,Advanced,2022,21.8,8.441898633724755
ID_261 Yoga,119.3,163,3312 kcal,103,5,Elite,2023,27.0,39.28886010485817
ID_262 Powerlifting,59.8,162,2362 kcal,177,1,Advanced,2025,33.2,33.592689384122245
ID_263 Cardio,86.3,178,2847 kcal,77,5,Advanced,2024,18.1,37.48382874327783
ID_264 Cardio,111.4,161,2001 kcal,150,4,Beginner,2022,27.1,43.495303697714874
ID_265 Powerlifting,101.9,188,2096 kcal,151,6,Elite,2023,20.8,78.68071992876743
ID_266 Cardio,98.8,151,2445 kcal,120,3,Beginner,2023,26.2,35.037616744826295
ID_267 Crossfit,99.2,181,3405 kcal,175,7,Beginner,2025,28.6,85.10116138286824
ID_268 Cardio,75.2,162,3001 kcal,143,3,Advanced,2022,9.2,65.29800988163024
ID_269 Powerlifting,70.6,195,3132 kcal,192,5,Elite,2024,25.5,68.3926782156566
ID_270 Zumba,106.7,176,3837 kcal,112,2,Advanced,2023,14.1,42.02690396794599
ID_271 Powerlifting,106.7,198,2921 kcal,217,3,Beginner,2022,26.1,74.9828890909661
ID_272 Zumba,110.7,190,3702 kcal,88,6,Beginner,2024,20.6,42.346620722488815
ID_273 Yoga,113.9,166,3525 kcal,75,5,Beginner,2023,28.9,23.471962360160283
ID_274 Bodybuilding,85.8,189,3274 kcal,165,7,Beginner,2023,11.3,91.24863564703837
ID_275 Powerlifting,85.1,180,3291 kcal,107,4,Intermediate,2024,24.9,27.9515949461713
ID_276 Powerlifting,105.9,183,3868 kcal,117,6,Advanced,2024,15.5,52.875707976350256
ID_277 Yoga,95.5,173,3689 kcal,144,5,Beginner,2025,31.0,41.42891500692783
ID_278 Yoga,99.1,194,3311 kcal,208,6,Advanced,2022,33.1,74.11771197185256
ID_279 Powerlifting,105.7,184,2512 kcal,161,3,Intermediate,2022,34.9,36.40414414263291
ID_280 Cardio,112.3,197,3516 kcal,158,7,Advanced,2025,29.5,57.92214717038526
ID_281 Cardio,73.7,155,3371 kcal,153,4,Beginner,2023,28.4,50.99657105259824
ID_282 Zumba,76.3,168,1919 kcal,49,5,Advanced,2024,13.8,29.4552241006824
ID_283 Crossfit,56.6,179,2085 kcal,188,1,Beginner,2024,17.1,60.524644956854274
ID_284 Zumba,90.5,156,1812 kcal,203,4,Beginner,2024,20.6,75.19005347413032
ID_285 Cardio,52.5,159,3393 kcal,179,1,Elite,2023,28.9,40.028859488172145
ID_286 Bodybuilding,82.6,190,1809 kcal,130,6,Beginner,2024,32.7,38.553344190955116
ID_287 Yoga,88.0,181,3399 kcal,41,2,Advanced,2024,13.1,15.348701462686693
ID_288 Cardio,70.1,183,3062 kcal,157,4,Beginner,2025,32.9,39.802535591734085
ID_289 Crossfit,91.4,177,3503 kcal,52,6,Elite,2023,26.8,19.686952333464085
ID_290 Bodybuilding,52.1,164,3370 kcal,199,1,Intermediate,2022,24.5,63.51005198136018
ID_291 Powerlifting,52.6,179,3641 kcal,134,3,Elite,2025,13.4,50.858711276553244
ID_292 Crossfit,107.6,186,3608 kcal,183,3,Beginner,2025,9.5,81.60351070359597
ID_293 Zumba,75.2,178,3202 kcal,71,2,Advanced,2022,23.3,13.28354508017837
ID_294 Yoga,58.9,171,3261 kcal,71,4,Beginner,2025,25.6,19.237337816305274
ID_295 Powerlifting,86.6,153,2790 kcal,163,4,Intermediate,2023,13.7,70.91174220952377
ID_296 Powerlifting,103.9,169,3867 kcal,50,4,Elite,2024,23.0,11.92546715364535
ID_297 Powerlifting,65.1,181,2031 kcal,49,6,Intermediate,2023,31.1,12.453879843967204
ID_298 Bodybuilding,93.6,185,3676 kcal,54,7,Advanced,2022,30.5,17.259430258871376
ID_299 Yoga,56.0,199,3806 kcal,56,7,Beginner,2022,33.0,18.00728560567045
ID_300 Yoga,53.6,153,1834 kcal,207,2,Intermediate,2025,17.9,68.39387002108253
ID_301 Yoga,87.2,176,3044 kcal,185,4,Intermediate,2023,16.6,79.10827546538299
ID_302 Powerlifting,87.8,166,2156 kcal,192,6,Elite,2023,28.2,64.46251285660779
ID_303 Bodybuilding,94.6,161,3956 kcal,98,3,Advanced,2022,19.6,33.08526645562741
ID_304 Powerlifting,100.8,171,3660 kcal,117,1,Elite,2023,10.4,41.00293350711141
ID_305 Crossfit,118.3,166,2387 kcal,163,6,Advanced,2022,15.6,77.71007982088017
ID_306 Crossfit,86.1,159,2524 kcal,153,7,Beginner,2023,19.3,78.16249474432743
ID_307 Yoga,72.6,150,3364 kcal,61,7,Intermediate,2023,15.9,38.88938204978527
ID_308 Cardio,105.7,171,2952 kcal,197,3,Intermediate,2023,17.0,74.67716922286026
ID_309 Powerlifting,69.0,175,3491 kcal,211,3,Advanced,2022,15.9,71.73729055906774
ID_310 Cardio,80.7,167,3663 kcal,71,1,Elite,2025,9.1,20.403415589323888
ID_311 Powerlifting,55.5,199,3872 kcal,218,3,Beginner,2023,25.2,76.23868215587613
ID_312 Cardio,51.8,163,2342 kcal,213,2,Elite,2022,24.1,59.584191322317594
ID_313 Bodybuilding,117.4,196,3360 kcal,152,1,Beginner,2022,25.6,35.878716835253734
ID_314 Cardio,108.5,178,2729 kcal,159,3,Intermediate,2023,13.2,59.37241464058101
ID_315 Yoga,98.7,161,1928 kcal,188,5,Elite,2023,16.0,80.44506514114133
ID_316 Yoga,78.6,185,2867 kcal,161,6,Elite,2025,24.7,61.67161255619202
ID_317 Crossfit,62.1,184,3408 kcal,71,3,Elite,2022,24.2,8.124021978532854
ID_318 Cardio,61.0,161,3116 kcal,158,2,Beginner,2022,21.7,49.09001657479901
ID_319 Cardio,67.5,156,3725 kcal,78,4,Elite,2024,17.5,29.95201618987627
ID_320 Powerlifting,88.4,178,3425 kcal,51,3,Advanced,2022,32.6,-0.6568544015639954
ID_321 Powerlifting,100.0,160,3571 kcal,214,7,Intermediate,2025,17.2,103.93218953999431
ID_322 Powerlifting,96.2,182,2346 kcal,57,7,Elite,2024,20.3,39.566293685445075
ID_323 Cardio,69.6,155,2831 kcal,188,7,Advanced,2024,26.3,79.30743372721332
ID_324 Zumba,116.8,196,3710 kcal,180,4,Beginner,2024,22.7,71.10310512301605
ID_325 Powerlifting,101.7,164,3444 kcal,188,7,Elite,2023,17.4,84.44112746304523
ID_326 Powerlifting,88.8,181,2680 kcal,165,5,Advanced,2023,19.8,71.78479914614066
ID_327 Cardio,92.8,160,1511 kcal,175,3,Advanced,2022,29.5,51.89695208163927
ID_328 Powerlifting,79.4,172,2979 kcal,85,7,Advanced,2024,15.5,51.56546326257394
ID_329 Crossfit,67.3,175,1963 kcal,143,1,Advanced,2025,11.8,50.263661170815595
ID_330 Powerlifting,74.9,183,3998 kcal,174,4,Beginner,2023,16.5,64.9963056083227
ID_331 Zumba,103.0,195,2771 kcal,190,5,Advanced,2025,30.9,57.93626595037489
ID_332 Cardio,51.0,183,2923 kcal,125,1,Intermediate,2025,10.4,51.06914093038499
ID_333 Yoga,58.1,178,3321 kcal,189,1,Advanced,2023,34.8,37.996389109013656
ID_334 Crossfit,53.2,153,2565 kcal,128,1,Intermediate,2023,22.6,28.165032890966497
ID_335 Crossfit,52.9,166,2261 kcal,61,1,Advanced,2023,34.6,-17.63154737120646
ID_336 Bodybuilding,109.9,184,2955 kcal,131,3,Beginner,2023,33.4,19.91110847251582
ID_337 Powerlifting,99.3,162,2638 kcal,68,7,Elite,2024,20.2,37.5184056059386
ID_338 Zumba,83.2,190,3677 kcal,52,6,Advanced,2024,13.4,33.01206039245636
ID_339 Zumba,56.8,188,2277 kcal,41,3,Intermediate,2024,12.5,16.408671783712258
ID_340 Bodybuilding,84.4,164,1613 kcal,68,3,Advanced,2024,14.5,25.23576970191088
ID_341 Crossfit,83.1,178,3452 kcal,219,5,Elite,2022,27.2,92.40730540630348
ID_342 Yoga,62.1,178,2606 kcal,66,5,Beginner,2024,15.4,31.22710009630523
ID_343 Cardio,80.4,160,3592 kcal,89,7,Beginner,2023,17.2,57.859700539717224
ID_344 Powerlifting,77.9,181,3344 kcal,134,6,Intermediate,2025,20.1,67.69012107522471
ID_345 Zumba,93.1,151,3861 kcal,190,5,Elite,2024,32.7,65.52812142635992
ID_346 Zumba,94.5,196,1808 kcal,127,7,Elite,2022,13.1,68.90436833725445
ID_347 Zumba,53.2,163,2511 kcal,83,7,Beginner,2023,8.1,51.67263831933636
ID_348 Zumba,76.2,169,3969 kcal,61,2,Advanced,2025,9.6,25.26971938666954
ID_349 Zumba,93.8,171,3400 kcal,210,6,Elite,2025,32.4,80.21406039850473
ID_350 Bodybuilding,85.2,160,1629 kcal,204,5,Advanced,2024,25.5,84.73843732141493
ID_351 Powerlifting,110.0,176,3314 kcal,136,6,Intermediate,2025,15.4,61.170210228766095
ID_352 Crossfit,96.1,152,3183 kcal,42,3,Advanced,2024,12.8,15.222368054073664
ID_353 Powerlifting,61.4,166,1657 kcal,157,3,Advanced,2024,15.9,54.00067704788578
ID_354 Zumba,54.9,193,2104 kcal,58,6,Advanced,2023,11.1,36.71261003781539
ID_355 Powerlifting,95.0,177,2091 kcal,62,2,Elite,2023,33.4,-1.9580623288218661
ID_356 Bodybuilding,51.9,178,2591 kcal,196,2,Advanced,2022,29.2,49.96347615317133
ID_357 Yoga,91.0,170,3524 kcal,69,6,Beginner,2023,20.5,28.878644113414953
ID_358 Cardio,115.8,196,2473 kcal,78,5,Beginner,2023,31.4,22.504979318611376
ID_359 Zumba,90.3,165,3634 kcal,147,4,Intermediate,2024,14.7,63.41369395021775
ID_360 Crossfit,77.2,186,3171 kcal,150,2,Intermediate,2023,27.4,38.870055989675876
ID_361 Crossfit,95.0,169,2581 kcal,64,1,Advanced,2024,31.1,-9.984436790995328
ID_362 Bodybuilding,82.1,155,1831 kcal,167,3,Beginner,2024,17.6,67.1451163910735
ID_363 Zumba,88.2,168,3659 kcal,150,6,Intermediate,2023,28.5,55.87245098659896
ID_364 Crossfit,115.9,154,2022 kcal,175,1,Beginner,2022,16.0,67.70095069377385
ID_365 Cardio,77.0,152,3761 kcal,145,6,Advanced,2022,16.1,69.48583084735023
ID_366 Powerlifting,117.3,150,1912 kcal,183,7,Elite,2025,10.9,83.4532607907642
ID_367 Yoga,113.4,187,2205 kcal,111,3,Advanced,2025,19.9,23.630622326115663
ID_368 Cardio,63.7,164,3863 kcal,168,3,Intermediate,2023,27.7,52.07974970922735
ID_369 Bodybuilding,54.9,183,2739 kcal,147,2,Elite,2022,33.4,35.22247076165404
ID_370 Zumba,57.1,184,3833 kcal,44,2,Intermediate,2024,24.3,-5.4791406496192465
ID_371 Crossfit,51.3,198,3815 kcal,42,1,Beginner,2025,31.3,-5.255106136114247
ID_372 Crossfit,56.6,174,2639 kcal,171,7,Intermediate,2024,30.2,75.47499468497053
ID_373 Yoga,97.8,173,1539 kcal,143,6,Advanced,2025,12.7,73.01273381720574
ID_374 Cardio,55.0,161,1644 kcal,103,7,Beginner,2023,21.1,53.57726971178066
ID_375 Powerlifting,72.3,167,2555 kcal,145,3,Advanced,2022,11.2,64.0326510869426
ID_376 Cardio,109.1,164,2564 kcal,137,1,Beginner,2025,26.4,37.56997448660259
ID_377 Bodybuilding,51.6,193,3045 kcal,49,4,Advanced,2022,33.6,2.6906798337279074
ID_378 Zumba,107.0,165,3333 kcal,188,1,Advanced,2024,11.7,67.09965826135574
ID_379 Yoga,69.7,176,2477 kcal,167,5,Elite,2023,27.8,61.80150598793324
ID_380 Crossfit,58.3,157,2679 kcal,85,1,Beginner,2022,25.1,11.566801407246128
ID_381 Cardio,98.8,195,2054 kcal,194,7,Intermediate,2023,23.8,88.66205093637498
ID_382 Powerlifting,94.0,174,1922 kcal,105,5,Elite,2022,18.5,36.949883534602314
ID_383 Yoga,111.4,166,3798 kcal,208,5,Advanced,2024,17.6,88.65926724973727
ID_384 Bodybuilding,101.5,178,1707 kcal,151,5,Beginner,2024,9.2,76.6622025378987
ID_385 Crossfit,106.2,157,3573 kcal,52,4,Intermediate,2023,13.9,23.755764164739137
ID_386 Bodybuilding,69.7,164,3498 kcal,176,1,Advanced,2024,8.4,69.2408322210878
ID_387 Bodybuilding,62.4,176,1700 kcal,203,7,Elite,2025,23.7,97.3658381028452
ID_388 Bodybuilding,102.5,195,3717 kcal,125,1,Intermediate,2022,10.9,42.6110856555222
ID_389 Yoga,106.5,199,2584 kcal,129,4,Beginner,2024,31.6,37.13860540353844
ID_390 Bodybuilding,119.3,156,1709 kcal,97,3,Elite,2025,22.1,35.311323802257775
ID_391 Powerlifting,78.9,152,3806 kcal,93,2,Intermediate,2023,26.9,15.727822529709286
ID_392 Crossfit,76.0,178,1505 kcal,51,7,Elite,2025,19.1,28.03768398820596
ID_393 Crossfit,104.3,193,2293 kcal,53,7,Elite,2023,23.1,31.55889424543962
ID_394 Crossfit,73.9,173,1540 kcal,160,1,Elite,2023,33.5,17.791669316009624
ID_395 Zumba,115.2,152,2235 kcal,201,2,Advanced,2022,10.2,66.66816481018661
ID_396 Yoga,110.1,169,2223 kcal,160,6,Advanced,2022,14.9,77.7850602355813
ID_397 Yoga,80.0,195,3430 kcal,59,6,Advanced,2025,29.1,6.955148084590668
ID_398 Zumba,102.6,164,3064 kcal,114,4,Advanced,2022,10.7,46.18416128785904
ID_399 Powerlifting,102.8,174,3204 kcal,183,6,Intermediate,2022,10.0,89.2995071824484
ID_400 Zumba,57.2,179,1703 kcal,109,7,Beginner,2022,17.8,53.63291825127056
ID_401 Bodybuilding,113.2,163,3440 kcal,95,6,Elite,2025,10.5,54.66096748226441
ID_402 Crossfit,85.4,156,2682 kcal,140,3,Elite,2024,23.8,48.00435070384248
ID_403 Zumba,107.9,166,2096 kcal,171,3,Beginner,2022,14.1,67.67240405681966
ID_404 Yoga,72.4,193,2623 kcal,150,3,Beginner,2022,32.2,32.163397991102705
ID_405 Yoga,112.7,169,3865 kcal,164,6,Intermediate,2025,29.2,67.33220536392139
ID_406 Crossfit,77.2,185,3244 kcal,171,4,Advanced,2024,26.9,48.97571381727906
ID_407 Bodybuilding,50.8,158,3663 kcal,59,5,Elite,2022,24.7,20.069417543860503
ID_408 Powerlifting,113.4,187,2204 kcal,177,5,Advanced,2023,31.3,50.53957012494147
ID_409 Zumba,56.4,197,1981 kcal,63,2,Advanced,2025,14.0,19.661589528652698
ID_410 Powerlifting,72.4,171,1756 kcal,193,5,Intermediate,2022,31.6,62.686862980537015
ID_411 Zumba,116.5,151,3759 kcal,76,5,Elite,2022,29.3,25.65118955763185
ID_412 Crossfit,116.5,173,2853 kcal,93,3,Intermediate,2023,28.2,21.963447355971155
ID_413 Zumba,90.1,157,1728 kcal,142,3,Elite,2023,23.2,41.02430334004169
ID_414 Powerlifting,94.2,160,3804 kcal,188,6,Elite,2025,14.6,83.7853017959188
ID_415 Powerlifting,81.4,162,2479 kcal,77,2,Advanced,2025,19.4,15.944516334839452
ID_416 Crossfit,70.5,166,1683 kcal,213,1,Beginner,2023,29.4,64.2978573001717
ID_417 Yoga,73.0,157,1552 kcal,43,7,Intermediate,2025,8.9,49.6153424055404
ID_418 Zumba,97.1,170,2181 kcal,96,2,Elite,2023,29.1,8.63865907315675
ID_419 Yoga,102.7,167,3699 kcal,212,2,Beginner,2022,14.5,81.40112669000675
ID_420 Cardio,105.4,179,3797 kcal,59,4,Intermediate,2023,11.9,20.662842855513674
ID_421 Zumba,105.3,167,3741 kcal,56,6,Intermediate,2023,11.1,36.84328769471318
ID_422 Powerlifting,56.4,195,2962 kcal,158,4,Elite,2024,8.7,68.12217823568771
ID_423 Bodybuilding,84.6,196,2183 kcal,110,2,Beginner,2023,22.1,32.82639728786221
ID_424 Crossfit,54.0,180,3666 kcal,43,2,Intermediate,2023,13.9,4.066412401057939
ID_425 Powerlifting,88.5,187,1949 kcal,53,2,Intermediate,2024,34.7,-8.293248822887637
ID_426 Powerlifting,80.9,181,2955 kcal,42,5,Elite,2025,23.5,13.603550607829815
ID_427 Yoga,112.1,160,2593 kcal,119,7,Beginner,2024,11.7,67.68275585135245
ID_428 Crossfit,74.6,194,1753 kcal,94,7,Elite,2022,26.6,49.03791475372198
ID_429 Yoga,58.2,174,1571 kcal,171,4,Elite,2024,32.2,58.558485961671565
ID_430 Yoga,60.0,182,1572 kcal,159,2,Intermediate,2022,28.1,39.15803590773514
ID_431 Cardio,103.3,187,3048 kcal,63,7,Advanced,2025,10.1,46.350418497000035
ID_432 Bodybuilding,93.3,190,2268 kcal,201,3,Elite,2024,32.2,49.22563340598417
ID_433 Cardio,57.1,157,2422 kcal,197,7,Beginner,2024,29.4,78.49870506380395
ID_434 Yoga,55.9,160,3809 kcal,121,6,Beginner,2025,12.3,73.40651627872997
ID_435 Bodybuilding,99.1,171,3304 kcal,186,6,Advanced,2022,9.4,92.47632330236038
ID_436 Yoga,55.1,173,1567 kcal,198,7,Intermediate,2024,23.0,90.2437964157189
ID_437 Cardio,107.5,190,2687 kcal,99,3,Elite,2022,12.2,32.97251338040368
ID_438 Crossfit,99.4,166,2172 kcal,186,6,Advanced,2024,30.5,65.626125351332
ID_439 Zumba,55.7,161,3017 kcal,88,5,Beginner,2023,17.7,41.27232652901326
ID_440 Cardio,55.9,195,2841 kcal,102,7,Intermediate,2024,32.6,37.20931199024028
ID_441 Bodybuilding,119.1,181,1999 kcal,149,5,Beginner,2025,23.3,60.7633366720528
ID_442 Crossfit,76.2,164,2153 kcal,189,7,Intermediate,2025,12.9,92.10664057720669
ID_443 Yoga,75.9,165,2241 kcal,191,1,Intermediate,2022,11.8,58.49005725588168
ID_444 Zumba,106.9,171,2148 kcal,148,1,Advanced,2024,23.6,41.49045115161135
ID_445 Zumba,116.3,177,3203 kcal,115,1,Elite,2022,28.6,11.999253553645458
ID_446 Bodybuilding,119.0,169,1657 kcal,69,6,Elite,2022,29.1,25.21302013750992
ID_447 Powerlifting,102.7,182,3299 kcal,97,5,Intermediate,2023,15.4,47.57428433244208
ID_448 Cardio,76.3,159,1683 kcal,156,5,Advanced,2023,13.5,62.88123402484004
ID_449 Yoga,55.8,189,3813 kcal,198,5,Advanced,2025,8.5,99.24562708620013
ID_450 Powerlifting,104.4,181,3520 kcal,139,3,Advanced,2022,26.3,36.20716402735515
ID_451 Bodybuilding,89.1,199,2647 kcal,58,5,Intermediate,2025,10.1,36.355273109934814
ID_452 Bodybuilding,79.7,182,3233 kcal,215,3,Advanced,2024,19.4,75.92908718017222
ID_453 Yoga,113.4,151,3357 kcal,212,1,Beginner,2022,24.2,68.87295751116456
ID_454 Powerlifting,57.8,182,3545 kcal,133,1,Elite,2022,33.3,24.957451040920322
ID_455 Zumba,84.5,182,2019 kcal,152,6,Elite,2024,16.4,62.05832708114641
ID_456 Crossfit,50.8,190,3214 kcal,185,7,Beginner,2024,14.7,102.65413560954094
ID_457 Powerlifting,82.8,162,2457 kcal,102,1,Intermediate,2025,25.7,11.568466337424027
ID_458 Crossfit,53.9,179,2623 kcal,155,7,Elite,2025,24.7,77.87218338490919
ID_459 Yoga,58.3,182,1538 kcal,152,7,Advanced,2024,17.0,74.11895213930008
ID_460 Yoga,58.2,162,2557 kcal,86,6,Beginner,2025,33.1,22.97541646954033
ID_461 Crossfit,95.4,175,2131 kcal,96,2,Elite,2024,30.8,10.203361334610893
ID_462 Zumba,102.2,171,3454 kcal,157,2,Advanced,2022,14.0,53.996051775102565
ID_463 Cardio,90.8,188,3923 kcal,84,4,Beginner,2022,14.5,48.82198268911611
ID_464 Crossfit,117.4,151,2254 kcal,200,6,Elite,2023,21.8,83.45818400339684
ID_465 Crossfit,76.2,187,3900 kcal,184,4,Beginner,2022,28.9,57.40851783730656
ID_466 Powerlifting,70.0,188,2374 kcal,43,4,Intermediate,2024,9.2,26.545053787464724
ID_467 Powerlifting,110.8,175,1692 kcal,187,2,Advanced,2025,26.7,47.92332401537647
ID_468 Cardio,65.7,195,1679 kcal,86,6,Intermediate,2023,25.5,41.785602671451265
ID_469 Cardio,117.4,199,2746 kcal,182,2,Advanced,2025,14.2,58.404595821534336
ID_470 Cardio,50.9,164,3151 kcal,86,4,Advanced,2024,26.4,19.649956964642975
ID_471 Zumba,117.9,183,2569 kcal,117,6,Beginner,2022,33.4,41.40330154923397
ID_472 Powerlifting,53.0,191,3262 kcal,163,4,Advanced,2023,9.3,74.25176065383717
ID_473 Powerlifting,112.4,193,2081 kcal,114,5,Beginner,2024,16.6,53.426075912500224
ID_474 Crossfit,86.9,198,2432 kcal,142,7,Advanced,2023,19.8,75.70582058342715
ID_475 Cardio,119.5,189,3027 kcal,176,6,Advanced,2023,32.3,66.6590077416624
ID_476 Yoga,55.2,160,2106 kcal,129,6,Elite,2022,34.0,41.487381725705724
ID_477 Powerlifting,88.8,152,3600 kcal,183,7,Beginner,2024,20.0,94.646713249259
ID_478 Powerlifting,117.9,155,3275 kcal,108,4,Elite,2025,28.3,26.098319256018836
ID_479 Bodybuilding,86.6,158,3246 kcal,100,5,Advanced,2023,22.4,37.61845179503724
ID_480 Bodybuilding,94.1,155,3710 kcal,177,3,Advanced,2023,22.5,58.64779834248616
ID_481 Cardio,98.7,158,2769 kcal,89,7,Elite,2025,15.5,51.4878911699151
ID_482 Crossfit,81.8,188,2241 kcal,42,2,Intermediate,2024,13.9,4.773946715194199
ID_483 Zumba,93.9,180,2686 kcal,146,4,Beginner,2023,15.8,51.521750874197515
ID_484 Crossfit,90.9,181,3016 kcal,152,7,Advanced,2023,23.0,70.28600787189599
ID_485 Powerlifting,113.1,190,2969 kcal,133,7,Intermediate,2023,8.8,74.47263107224671
ID_486 Crossfit,53.2,199,2669 kcal,157,6,Elite,2024,32.5,63.33904394490641
ID_487 Crossfit,69.7,161,2771 kcal,120,2,Elite,2024,12.2,42.9972883838238
ID_488 Zumba,116.5,157,2624 kcal,148,2,Advanced,2025,13.9,51.26255371254255
ID_489 Cardio,112.3,157,3740 kcal,90,2,Advanced,2024,22.0,25.071698932013273
ID_490 Cardio,81.9,199,3024 kcal,186,7,Advanced,2024,27.2,78.7709631872386
ID_491 Zumba,93.4,177,1694 kcal,209,3,Elite,2022,10.6,85.00241286106477
ID_492 Yoga,69.4,169,2048 kcal,74,1,Beginner,2025,16.6,11.476341261177783
ID_493 Cardio,63.2,196,2476 kcal,85,4,Advanced,2023,34.2,31.248509019995375
ID_494 Cardio,82.5,156,2377 kcal,193,1,Intermediate,2024,15.1,65.8889288113087
ID_495 Yoga,74.7,160,1537 kcal,108,7,Elite,2023,16.5,63.82214788692199
ID_496 Crossfit,90.9,169,3930 kcal,132,1,Beginner,2023,30.6,15.965272398832528
ID_497 Bodybuilding,55.4,165,2096 kcal,103,7,Intermediate,2022,9.4,62.03007306788163
ID_498 Yoga,118.2,153,1765 kcal,204,1,Advanced,2024,20.5,72.56172944145146
ID_499 Bodybuilding,119.0,155,3845 kcal,88,2,Intermediate,2025,18.2,30.34465469677818
ID_500 Bodybuilding,98.9,171,3213 kcal,188,5,Intermediate,2024,16.5,82.68811051866642
ID_501 Bodybuilding,87.5,175,3579 kcal,113,2,Advanced,2023,15.7,34.45214554101488
ID_502 Powerlifting,71.7,152,3911 kcal,44,2,Intermediate,2025,10.5,13.829821140217122
ID_503 Zumba,107.0,190,2462 kcal,139,6,Intermediate,2024,16.5,62.41944632371935
ID_504 Powerlifting,97.9,191,3554 kcal,109,6,Advanced,2023,9.2,56.77575334930679
ID_505 Cardio,61.4,163,2328 kcal,129,1,Intermediate,2023,29.1,26.29922092130507
ID_506 Zumba,113.8,160,2132 kcal,43,7,Intermediate,2022,18.8,32.3341561139603
ID_507 Crossfit,107.6,167,1966 kcal,165,2,Advanced,2022,20.0,55.68039408171136
ID_508 Bodybuilding,116.5,161,3004 kcal,78,1,Elite,2022,32.1,-4.004489939811322
ID_509 Crossfit,100.8,172,1715 kcal,202,6,Elite,2023,25.8,81.11819487566582
ID_510 Cardio,92.9,161,3174 kcal,168,5,Advanced,2024,8.2,80.19978117512933
ID_511 Powerlifting,79.3,162,3443 kcal,63,4,Elite,2022,33.5,1.3634596861484756
ID_512 Bodybuilding,115.3,174,3880 kcal,96,1,Advanced,2024,14.4,34.455312180710884
ID_513 Cardio,110.6,194,3318 kcal,139,5,Beginner,2022,10.9,68.12753648420372
ID_514 Powerlifting,53.2,168,2268 kcal,109,4,Advanced,2025,28.7,31.697271691432704
ID_515 Zumba,51.8,195,3009 kcal,80,3,Elite,2025,21.5,25.378770069287505
ID_516 Powerlifting,76.4,185,2981 kcal,213,1,Intermediate,2022,19.7,67.23020443116512
ID_517 Powerlifting,106.7,194,2175 kcal,99,1,Advanced,2023,14.7,28.163163720125777
ID_518 Cardio,119.1,157,3626 kcal,147,3,Intermediate,2022,22.8,41.006874115231476
ID_519 Yoga,60.5,178,1957 kcal,96,3,Elite,2022,15.4,30.439424857817073
ID_520 Crossfit,91.6,181,2929 kcal,70,1,Advanced,2023,32.3,-10.49907377564223
ID_521 Yoga,76.7,193,1919 kcal,123,3,Elite,2025,13.8,50.66729208410268
ID_522 Crossfit,117.9,167,3272 kcal,191,2,Intermediate,2024,31.9,48.47445326411034
ID_523 Cardio,108.9,155,3253 kcal,75,4,Intermediate,2022,23.1,17.799842181172057
ID_524 Bodybuilding,108.7,167,3252 kcal,197,4,Beginner,2023,30.4,65.22049420817605
ID_525 Yoga,82.8,168,2903 kcal,191,4,Intermediate,2022,27.2,66.47728230477054
ID_526 Cardio,79.0,171,2220 kcal,147,2,Beginner,2023,26.8,33.16517004350319
ID_527 Powerlifting,69.1,186,3465 kcal,145,7,Elite,2024,16.8,72.70086227685364
ID_528 Powerlifting,53.9,181,2138 kcal,197,3,Intermediate,2024,14.3,79.3757083753024
ID_529 Cardio,110.5,190,2560 kcal,125,5,Advanced,2025,13.7,54.268223229402885
ID_530 Zumba,106.9,152,2754 kcal,174,3,Advanced,2023,31.1,50.111133824479765
ID_531 Crossfit,120.0,177,2926 kcal,202,1,Beginner,2023,30.2,51.06511802081783
ID_532 Powerlifting,119.8,159,1893 kcal,53,6,Intermediate,2025,19.9,22.32400147249487
ID_533 Bodybuilding,88.9,184,3745 kcal,159,4,Intermediate,2025,11.6,70.7789836749905
ID_534 Yoga,103.8,178,3578 kcal,177,3,Elite,2023,18.3,65.66824293327952
ID_535 Cardio,116.1,164,3853 kcal,119,5,Advanced,2025,24.7,39.829994369306
ID_536 Cardio,109.5,182,1942 kcal,183,1,Elite,2024,20.3,51.10358175066896
ID_537 Zumba,67.3,156,3603 kcal,145,2,Elite,2022,29.1,28.03790034534405
ID_538 Zumba,81.5,161,2184 kcal,109,7,Intermediate,2024,34.9,34.475005154380526
ID_539 Yoga,59.0,198,2684 kcal,83,2,Beginner,2025,13.2,27.29958994781427
ID_540 Cardio,116.8,179,3689 kcal,112,5,Intermediate,2023,20.4,42.59738920652841
ID_541 Crossfit,92.4,170,2902 kcal,84,1,Elite,2023,19.6,7.655560508780566
ID_542 Crossfit,66.0,180,3418 kcal,146,4,Intermediate,2024,16.2,55.51705987681687
ID_543 Powerlifting,97.0,173,3035 kcal,123,3,Advanced,2023,13.3,46.15353946593999
ID_544 Crossfit,93.3,169,3712 kcal,121,1,Beginner,2025,9.8,45.72419354816127
ID_545 Bodybuilding,75.1,186,1738 kcal,146,7,Intermediate,2024,32.0,57.97382457388466
ID_546 Cardio,57.9,153,3622 kcal,60,2,Beginner,2023,19.3,15.021105394375011
ID_547 Powerlifting,97.0,177,1752 kcal,217,7,Advanced,2022,21.4,92.42490551500518
ID_548 Powerlifting,86.4,193,1558 kcal,200,7,Intermediate,2022,32.8,76.34775389539674
ID_549 Cardio,104.1,169,2061 kcal,46,5,Elite,2025,29.0,-3.515232495007659
ID_550 Zumba,86.4,173,2955 kcal,109,5,Advanced,2023,11.5,56.94460199090494
ID_551 Yoga,109.7,199,2649 kcal,166,3,Intermediate,2025,23.3,56.49448836950399
ID_552 Yoga,88.6,198,2508 kcal,182,5,Intermediate,2024,19.9,72.16187416069538
ID_553 Zumba,89.3,181,3371 kcal,199,5,Intermediate,2022,29.5,70.67714905860892
ID_554 Powerlifting,111.4,190,2633 kcal,187,1,Advanced,2024,27.6,39.10537862314973
ID_555 Powerlifting,78.2,185,2947 kcal,182,4,Intermediate,2023,26.6,56.87466504800088
ID_556 Yoga,59.4,183,3903 kcal,215,3,Beginner,2025,17.2,84.18724619216138
ID_557 Yoga,52.0,185,3885 kcal,188,1,Beginner,2025,29.7,47.116266392697874
ID_558 Powerlifting,102.9,151,1974 kcal,209,4,Advanced,2025,9.4,90.26072744477617
ID_559 Yoga,93.4,164,1821 kcal,193,7,Elite,2024,12.3,101.49681158702354
ID_560 Cardio,99.3,183,3112 kcal,159,1,Beginner,2022,17.1,48.77149058399955
ID_561 Powerlifting,64.9,185,3351 kcal,167,6,Intermediate,2024,10.1,82.1588951803892
ID_562 Cardio,59.5,155,3854 kcal,181,1,Intermediate,2024,14.3,59.32586344698354
ID_563 Crossfit,51.0,188,1864 kcal,96,5,Intermediate,2023,30.4,24.64291154344233
ID_564 Bodybuilding,74.5,191,3835 kcal,204,4,Advanced,2023,33.6,55.36112024590737
ID_565 Zumba,91.3,161,3060 kcal,97,3,Elite,2023,16.2,40.643429029510514
ID_566 Cardio,77.5,152,2477 kcal,60,3,Beginner,2022,15.1,18.039877833537048
ID_567 Cardio,80.6,194,2562 kcal,121,4,Intermediate,2022,15.6,45.51819642851545
ID_568 Powerlifting,113.3,167,1782 kcal,108,5,Intermediate,2023,15.5,41.95325839743322
ID_569 Bodybuilding,74.4,189,2265 kcal,170,2,Advanced,2023,9.0,54.020160662054366
ID_570 Powerlifting,86.0,170,2393 kcal,126,1,Intermediate,2022,33.0,19.30748434059494
ID_571 Bodybuilding,104.9,164,3791 kcal,204,5,Intermediate,2025,13.8,94.00804343518107
ID_572 Bodybuilding,77.8,182,2366 kcal,88,6,Elite,2022,19.3,48.00519292297355
ID_573 Cardio,93.5,184,2801 kcal,186,7,Beginner,2022,8.3,98.69480341914908
ID_574 Bodybuilding,110.4,175,3037 kcal,154,4,Intermediate,2022,31.2,42.55003736353202
ID_575 Powerlifting,116.5,157,1822 kcal,128,1,Beginner,2023,27.7,20.421384433484302
ID_576 Zumba,60.3,185,1927 kcal,124,3,Advanced,2025,33.6,22.19721185080898
ID_577 Bodybuilding,114.9,197,3646 kcal,167,7,Advanced,2022,29.1,72.47895175370093
ID_578 Yoga,84.4,179,1949 kcal,179,2,Intermediate,2023,16.5,61.66742375635522
ID_579 Yoga,68.1,172,1567 kcal,208,6,Elite,2024,14.7,97.45035398000702
ID_580 Powerlifting,82.1,191,3224 kcal,200,3,Intermediate,2024,26.8,60.62996584019798
ID_581 Bodybuilding,118.6,193,3923 kcal,217,4,Beginner,2022,17.8,92.04423953110354
ID_582 Cardio,84.5,163,3597 kcal,156,1,Elite,2024,23.3,29.91630560282631
ID_583 Powerlifting,73.0,163,1792 kcal,166,4,Advanced,2025,8.2,70.45737912640978
ID_584 Yoga,94.3,151,3006 kcal,110,7,Advanced,2024,9.7,69.25855262117278
ID_585 Yoga,66.8,186,3510 kcal,125,1,Beginner,2024,22.5,36.75305375615468
ID_586 Bodybuilding,55.3,154,3925 kcal,72,5,Elite,2025,23.3,24.714499001206143
ID_587 Yoga,59.0,187,3570 kcal,120,2,Elite,2022,28.3,19.82814597136328
ID_588 Crossfit,59.0,194,2291 kcal,191,5,Beginner,2022,11.6,92.48331352579173
ID_589 Crossfit,60.6,190,3287 kcal,100,5,Elite,2025,21.9,40.3384922100745
ID_590 Crossfit,59.7,196,3167 kcal,100,4,Beginner,2025,13.3,50.49106905997122
ID_591 Powerlifting,94.9,163,3409 kcal,137,7,Advanced,2025,10.5,70.74824457627831
ID_592 Crossfit,62.7,188,1596 kcal,67,2,Beginner,2024,19.1,19.938342430054625
ID_593 Cardio,74.2,174,2396 kcal,82,1,Beginner,2025,12.4,15.177712716158647
ID_594 Powerlifting,112.8,169,2084 kcal,208,1,Beginner,2023,14.0,69.95913926922567
ID_595 Zumba,83.2,151,1779 kcal,206,6,Elite,2024,16.6,94.54391376411964
ID_596 Crossfit,96.7,188,3164 kcal,125,3,Intermediate,2022,15.0,47.93006689099547
ID_597 Bodybuilding,62.1,155,3649 kcal,216,6,Advanced,2022,10.4,109.22296167991183
ID_598 Cardio,63.5,166,3105 kcal,56,6,Elite,2022,10.4,30.786699914953886
ID_599 Zumba,52.9,174,3954 kcal,137,1,Advanced,2024,13.2,44.665037398495194
ID_600 Cardio,61.8,177,2617 kcal,137,4,Elite,2023,9.4,69.51821016391975
ID_601 Zumba,69.5,151,3510 kcal,104,5,Intermediate,2025,24.9,37.01647113536048
ID_602 Yoga,62.4,184,1533 kcal,113,7,Elite,2025,15.8,55.52830160116649
ID_603 Cardio,56.2,186,2072 kcal,124,5,Elite,2022,15.6,60.917536974133256
ID_604 Crossfit,58.4,154,3653 kcal,44,5,Advanced,2022,17.0,18.958448649281525
ID_605 Crossfit,82.3,150,2611 kcal,41,2,Intermediate,2024,25.9,-8.801615060314388
ID_606 Powerlifting,64.4,189,3011 kcal,61,1,Intermediate,2023,31.5,-13.150678764417531
ID_607 Cardio,75.5,161,2762 kcal,151,7,Advanced,2025,28.5,60.2065744352552
ID_608 Zumba,85.2,185,3870 kcal,96,4,Beginner,2024,27.6,26.195301101864363
ID_609 Yoga,98.3,194,2452 kcal,105,2,Elite,2025,21.1,20.3344997264846
ID_610 Crossfit,52.8,172,2770 kcal,113,3,Intermediate,2022,26.7,22.84177061635028
ID_611 Powerlifting,106.0,196,3575 kcal,137,4,Intermediate,2025,22.9,43.847585620688925
ID_612 Crossfit,94.0,180,3849 kcal,183,6,Beginner,2023,13.8,81.8650567605668
ID_613 Crossfit,55.7,160,1995 kcal,151,4,Beginner,2023,13.6,64.26379113274716
ID_614 Bodybuilding,111.2,159,2267 kcal,218,4,Intermediate,2022,16.0,89.8061079820044
ID_615 Yoga,114.5,152,3390 kcal,164,5,Beginner,2023,32.6,52.59936905133298
ID_616 Bodybuilding,54.3,163,2155 kcal,206,4,Intermediate,2023,22.8,76.16665944373902
ID_617 Yoga,69.4,165,1524 kcal,125,6,Advanced,2024,27.8,54.994958576443054
ID_618 Crossfit,106.4,159,1501 kcal,115,6,Advanced,2025,17.4,57.23841799813578
ID_619 Powerlifting,102.4,178,2739 kcal,127,1,Elite,2022,19.0,36.919821239446236
ID_620 Yoga,62.9,159,3510 kcal,207,4,Intermediate,2022,11.4,87.04692125111514
ID_621 Cardio,64.7,161,2417 kcal,77,5,Beginner,2022,12.6,45.40003071330746
ID_622 Bodybuilding,75.9,179,3264 kcal,98,4,Advanced,2022,30.3,20.528237381033392
ID_623 Bodybuilding,83.9,190,3005 kcal,177,3,Advanced,2022,23.8,59.297241637942946
ID_624 Bodybuilding,93.3,150,2802 kcal,138,3,Elite,2023,17.1,42.82316565908809
ID_625 Crossfit,75.8,154,2434 kcal,102,5,Intermediate,2024,29.7,30.991170659940618
ID_626 Zumba,82.4,169,3303 kcal,88,1,Intermediate,2022,14.7,17.68309882415332
ID_627 Bodybuilding,102.3,157,1833 kcal,71,1,Intermediate,2024,34.4,-3.199821727580451
ID_628 Zumba,52.6,192,2783 kcal,174,6,Beginner,2024,17.3,83.21938230999393
ID_629 Zumba,67.7,161,2158 kcal,60,6,Beginner,2023,17.1,31.146863062204538
ID_630 Crossfit,99.9,150,1719 kcal,59,2,Beginner,2022,16.4,24.167874643122705
ID_631 Bodybuilding,112.7,169,1608 kcal,193,5,Beginner,2023,11.3,87.21060851903263
ID_632 Crossfit,85.8,177,2663 kcal,166,4,Elite,2022,11.0,65.13990549663737
ID_633 Zumba,87.2,192,2594 kcal,107,7,Elite,2023,25.5,43.30441014818662
ID_634 Zumba,57.5,186,1737 kcal,149,5,Beginner,2024,31.6,41.459294888210735
ID_635 Powerlifting,81.3,196,1977 kcal,155,2,Intermediate,2022,29.3,38.738010508931275
ID_636 Zumba,87.3,186,3453 kcal,182,6,Advanced,2025,11.8,82.46318486663773
ID_637 Crossfit,67.0,161,2716 kcal,159,5,Intermediate,2024,22.7,58.66392992096877
ID_638 Yoga,68.8,186,3256 kcal,118,5,Intermediate,2025,10.9,60.692760852683854
ID_639 Zumba,76.4,198,2915 kcal,155,6,Intermediate,2024,9.2,81.65322947355902
ID_640 Crossfit,51.4,198,2156 kcal,131,2,Advanced,2023,25.7,31.496780938291113
ID_641 Zumba,72.5,193,2953 kcal,53,6,Intermediate,2022,22.4,24.95000259522034
ID_642 Crossfit,64.8,177,2184 kcal,194,1,Beginner,2024,10.2,68.50749951246173
ID_643 Zumba,72.9,196,1787 kcal,164,4,Intermediate,2023,8.9,66.90123972166836
ID_644 Bodybuilding,58.4,164,2451 kcal,207,6,Advanced,2022,34.7,69.17580889627679
ID_645 Powerlifting,112.3,155,2804 kcal,97,2,Elite,2022,8.8,40.58374892157643
ID_646 Crossfit,91.6,193,3124 kcal,67,3,Advanced,2024,20.0,17.115325056952976
ID_647 Crossfit,97.5,169,2325 kcal,65,1,Elite,2022,21.6,7.037441865652502
ID_648 Cardio,105.2,199,2931 kcal,152,3,Elite,2024,11.2,59.42608485245259
ID_649 Cardio,84.9,163,3652 kcal,105,7,Elite,2022,12.6,66.85168039938965
ID_650 Yoga,56.1,151,2791 kcal,192,6,Beginner,2025,17.5,73.01841066264335
ID_651 Zumba,87.6,158,2414 kcal,170,1,Intermediate,2023,28.6,39.38720256461677
ID_652 Bodybuilding,91.1,186,2112 kcal,83,4,Beginner,2025,21.7,33.9044017356064
ID_653 Cardio,102.2,169,1994 kcal,136,6,Intermediate,2024,25.2,61.648492580207325
ID_654 Crossfit,80.2,175,2412 kcal,81,4,Intermediate,2025,34.6,9.72086915378762
ID_655 Crossfit,58.9,178,3498 kcal,45,5,Intermediate,2024,28.7,1.9290092217855817
ID_656 Powerlifting,69.9,150,2066 kcal,206,3,Beginner,2022,19.7,80.5923642117168
ID_657 Cardio,75.4,184,3816 kcal,219,1,Elite,2022,20.1,68.2206741659722
ID_658 Powerlifting,95.2,155,2452 kcal,62,4,Advanced,2024,24.7,14.365152303650596
ID_659 Bodybuilding,90.0,186,1944 kcal,128,2,Elite,2025,26.0,25.53572679561135
ID_660 Powerlifting,74.9,154,2004 kcal,162,4,Advanced,2022,21.5,52.750562595708715
ID_661 Powerlifting,119.1,182,2170 kcal,217,2,Advanced,2023,25.4,69.13931584462179
ID_662 Crossfit,92.4,198,4000 kcal,210,6,Intermediate,2022,8.6,107.02935727379331
ID_663 Powerlifting,66.6,163,1669 kcal,186,1,Beginner,2023,19.6,56.88772000899712
ID_664 Zumba,57.1,161,1920 kcal,90,4,Intermediate,2025,15.5,33.57977109203079
ID_665 Bodybuilding,60.7,191,2440 kcal,50,7,Advanced,2023,11.5,35.87500587445425
ID_666 Zumba,67.2,169,2026 kcal,51,4,Advanced,2023,10.7,20.398756723900544
ID_667 Crossfit,61.2,199,3085 kcal,113,7,Beginner,2023,24.3,48.23727411961014
ID_668 Cardio,63.1,173,2027 kcal,47,1,Intermediate,2023,22.1,-7.749267823744819
ID_669 Powerlifting,70.0,192,1870 kcal,191,4,Advanced,2022,14.8,70.09345152354477
ID_670 Cardio,62.1,183,2881 kcal,80,2,Beginner,2023,20.7,20.41672506176524
ID_671 Powerlifting,112.8,174,3672 kcal,203,4,Intermediate,2022,21.3,69.04468069257517
ID_672 Cardio,55.6,199,3882 kcal,124,3,Intermediate,2023,13.3,53.55961340715366
ID_673 Bodybuilding,86.7,178,1986 kcal,111,6,Advanced,2024,25.6,45.650358550567326
ID_674 Zumba,78.7,188,3212 kcal,94,5,Advanced,2025,29.1,29.151705938091993
ID_675 Crossfit,118.8,180,3760 kcal,176,2,Elite,2023,29.4,53.44654523030047
ID_676 Powerlifting,57.8,196,3342 kcal,86,3,Advanced,2024,24.3,13.810986829677375
ID_677 Bodybuilding,77.8,192,2436 kcal,182,7,Elite,2023,21.8,86.00885998024398
ID_678 Powerlifting,117.9,199,2044 kcal,215,6,Intermediate,2023,9.6,102.99178713489286
ID_679 Zumba,110.6,172,2160 kcal,143,1,Beginner,2023,15.8,56.0953507831477
ID_680 Yoga,107.2,193,3675 kcal,81,2,Intermediate,2024,10.5,27.89602784430395
ID_681 Crossfit,68.1,187,3886 kcal,99,5,Beginner,2025,34.0,21.088458319371906
ID_682 Zumba,62.0,169,2803 kcal,51,6,Beginner,2024,11.6,38.607678874286336
ID_683 Yoga,96.8,172,1928 kcal,169,7,Intermediate,2025,12.1,87.03545733895682
ID_684 Cardio,115.1,194,3927 kcal,46,5,Beginner,2023,32.0,1.207685188500661
ID_685 Bodybuilding,89.0,165,3462 kcal,119,1,Elite,2022,33.5,7.548616080320818
ID_686 Cardio,90.0,199,2313 kcal,170,1,Intermediate,2023,28.7,45.85102244193702
ID_687 Cardio,69.6,191,1898 kcal,148,7,Advanced,2025,8.1,78.66269184050005
ID_688 Crossfit,103.9,157,2777 kcal,42,2,Intermediate,2024,8.0,18.3154378019025
ID_689 Cardio,63.1,199,3092 kcal,66,7,Intermediate,2023,18.2,44.840920698130475
ID_690 Bodybuilding,72.7,170,3743 kcal,153,4,Intermediate,2024,11.9,72.44247492721317
ID_691 Crossfit,79.8,150,2080 kcal,146,1,Beginner,2024,8.5,50.1917379890928
ID_692 Cardio,85.5,157,3605 kcal,79,6,Intermediate,2024,20.5,35.96907599687118
ID_693 Crossfit,67.0,178,2667 kcal,200,4,Advanced,2023,33.5,57.79903249492814
ID_694 Cardio,58.0,181,3915 kcal,168,3,Intermediate,2024,16.7,54.48490618667063
ID_695 Bodybuilding,92.7,187,3652 kcal,47,5,Intermediate,2024,25.9,15.407586915100573
ID_696 Bodybuilding,70.2,154,2595 kcal,140,4,Advanced,2023,25.6,45.472518228174046
ID_697 Powerlifting,90.7,196,2026 kcal,199,5,Advanced,2024,14.8,94.0429254030094
ID_698 Bodybuilding,60.8,171,2750 kcal,163,7,Elite,2023,25.6,65.36397451349289
ID_699 Crossfit,83.7,196,3778 kcal,215,4,Beginner,2025,13.7,95.00348279308848
ID_700 Crossfit,87.3,183,3573 kcal,146,7,Elite,2025,11.3,85.63617075142102
ID_701 Bodybuilding,53.6,150,3064 kcal,140,3,Beginner,2025,26.9,38.95535843403944
ID_702 Zumba,73.6,175,2735 kcal,43,1,Elite,2024,11.1,-1.9743078541683445
ID_703 Powerlifting,59.4,192,1560 kcal,149,3,Intermediate,2022,34.9,30.157161712778546
ID_704 Yoga,54.4,159,2020 kcal,58,1,Elite,2022,13.0,21.529355621520587
ID_705 Bodybuilding,119.3,179,2099 kcal,71,7,Intermediate,2024,24.0,36.085278857459556
ID_706 Zumba,72.6,199,1823 kcal,176,1,Beginner,2022,19.1,55.94699852935943
ID_707 Cardio,106.7,167,2550 kcal,51,5,Advanced,2023,11.4,31.274167091825163
ID_708 Yoga,67.8,166,3774 kcal,178,6,Intermediate,2022,8.8,89.52278545068435
ID_709 Bodybuilding,97.7,175,3950 kcal,85,3,Advanced,2024,24.8,9.90327715650247
ID_710 Yoga,103.2,157,3110 kcal,158,4,Intermediate,2024,29.8,51.41369608527654
ID_711 Crossfit,91.7,196,3092 kcal,55,3,Intermediate,2023,30.7,5.558406023611886
ID_712 Zumba,83.0,189,2815 kcal,168,5,Beginner,2025,21.0,62.24568857266656
ID_713 Cardio,78.8,198,3081 kcal,102,1,Elite,2024,29.0,10.10572439245847
ID_714 Yoga,74.4,161,2579 kcal,148,5,Elite,2023,26.2,51.19129361322855
ID_715 Cardio,115.1,176,1937 kcal,158,2,Advanced,2022,27.6,42.180766469931434
ID_716 Powerlifting,108.1,157,1718 kcal,60,2,Advanced,2022,21.3,5.718182092454526
ID_717 Zumba,117.6,174,3477 kcal,197,4,Advanced,2023,25.1,73.33670461591502
ID_718 Powerlifting,58.7,195,2676 kcal,52,5,Elite,2023,29.7,10.516621580622441
ID_719 Yoga,101.2,153,3613 kcal,201,7,Advanced,2024,18.7,80.21288472207652
ID_720 Cardio,115.7,182,2136 kcal,43,4,Beginner,2022,29.8,3.653601375963221
ID_721 Zumba,62.7,150,2851 kcal,195,7,Beginner,2023,24.0,89.18175493795393
ID_722 Bodybuilding,54.7,168,2786 kcal,141,4,Beginner,2022,12.5,55.639691698675314
ID_723 Crossfit,101.9,180,1504 kcal,98,2,Beginner,2023,8.7,40.803634674872875
ID_724 Powerlifting,90.2,165,2831 kcal,167,4,Advanced,2022,17.8,74.58979834877104
ID_725 Bodybuilding,108.9,163,2994 kcal,66,2,Intermediate,2025,22.8,9.6003318758912
ID_726 Crossfit,59.8,197,3273 kcal,108,1,Beginner,2024,30.7,17.068144321647452
ID_727 Zumba,105.7,154,1887 kcal,64,7,Intermediate,2022,11.4,44.7092251488174
ID_728 Zumba,64.1,190,2671 kcal,170,5,Intermediate,2025,29.6,57.390178557714215
ID_729 Bodybuilding,61.5,175,1633 kcal,136,4,Beginner,2022,31.3,35.81689356036828
ID_730 Powerlifting,61.5,177,3787 kcal,64,2,Intermediate,2022,12.1,19.144397868262217
ID_731 Crossfit,107.0,151,2211 kcal,187,3,Advanced,2025,31.0,51.86138977458462
ID_732 Yoga,96.6,199,3795 kcal,201,7,Intermediate,2022,34.8,65.48659109537843
ID_733 Zumba,86.6,155,3586 kcal,193,4,Intermediate,2022,27.6,62.42559932808353
ID_734 Yoga,75.1,158,1651 kcal,165,6,Beginner,2024,29.2,67.64903227713393
ID_735 Yoga,111.4,182,3081 kcal,172,1,Elite,2025,34.8,27.22154971574083
ID_736 Powerlifting,77.5,190,3812 kcal,48,1,Elite,2025,24.3,-10.29066635736655
ID_737 Powerlifting,107.2,174,2381 kcal,155,3,Beginner,2023,16.3,57.746061856973775
ID_738 Yoga,80.7,197,3504 kcal,217,2,Elite,2022,30.6,60.635915716786236
ID_739 Yoga,76.4,162,2211 kcal,173,4,Elite,2024,24.6,61.56732359526994
ID_740 Cardio,82.4,158,3843 kcal,99,7,Beginner,2022,23.7,45.5913071340768
ID_741 Crossfit,71.1,162,1613 kcal,211,2,Intermediate,2022,14.8,76.99932082229166
ID_742 Yoga,102.3,180,3498 kcal,160,1,Beginner,2023,28.4,33.165576131855005
ID_743 Yoga,85.2,190,2338 kcal,178,2,Beginner,2022,10.2,62.581019223500185
ID_744 Powerlifting,66.3,160,2463 kcal,214,1,Beginner,2024,33.0,50.64304065844675
ID_745 Zumba,113.0,153,2913 kcal,147,2,Intermediate,2024,16.8,52.26298498221233
ID_746 Yoga,76.9,183,3886 kcal,147,3,Advanced,2023,11.4,62.69527313176168
ID_747 Yoga,88.0,187,1995 kcal,170,5,Elite,2022,19.9,60.39878936530357
ID_748 Zumba,113.5,195,2404 kcal,115,3,Advanced,2024,9.1,51.33962681654541
ID_749 Bodybuilding,93.7,153,2300 kcal,69,3,Elite,2022,26.5,6.336152370714158
ID_750 Bodybuilding,58.2,187,2616 kcal,60,5,Beginner,2022,32.4,17.080820026106913
ID_751 Cardio,115.8,168,2125 kcal,195,5,Advanced,2022,30.6,67.9113489146419
ID_752 Cardio,93.9,155,3336 kcal,200,4,Intermediate,2023,11.4,90.80141980065302
ID_753 Zumba,73.4,183,3602 kcal,202,7,Elite,2022,11.4,102.22584072207431
ID_754 Yoga,59.7,167,2363 kcal,219,7,Intermediate,2024,30.0,86.26972500551263
ID_755 Cardio,105.6,162,2488 kcal,73,4,Beginner,2022,33.0,17.079224588266236
ID_756 Yoga,93.4,190,1944 kcal,80,3,Advanced,2024,20.4,27.383871983125083
ID_757 Powerlifting,87.3,172,3748 kcal,90,3,Advanced,2022,21.5,25.789293261237738
ID_758 Cardio,112.6,168,1814 kcal,214,1,Advanced,2024,16.6,69.68166786931302
ID_759 Powerlifting,105.2,194,2856 kcal,121,1,Intermediate,2024,32.1,6.344126372345654
ID_760 Bodybuilding,60.6,160,3492 kcal,97,7,Advanced,2022,25.4,44.942837674370715
ID_761 Yoga,71.8,150,2924 kcal,114,4,Advanced,2022,15.8,46.00948015340142
ID_762 Zumba,67.4,173,1872 kcal,62,6,Advanced,2024,16.1,38.24978023541138
ID_763 Yoga,102.1,156,1533 kcal,215,6,Intermediate,2025,32.1,81.76909420767392
ID_764 Powerlifting,52.3,174,2827 kcal,167,4,Advanced,2023,8.4,82.88460547523623
ID_765 Crossfit,89.9,170,1816 kcal,189,1,Elite,2025,16.7,62.244964554472034
ID_766 Crossfit,103.4,164,3378 kcal,56,7,Beginner,2025,23.0,24.56819767435898
ID_767 Zumba,111.4,150,3398 kcal,108,7,Intermediate,2022,12.0,53.05343224540934
ID_768 Zumba,73.9,161,1664 kcal,147,1,Beginner,2023,10.5,47.076500698216044
ID_769 Bodybuilding,107.5,156,1744 kcal,178,6,Intermediate,2025,30.0,71.86744249752535
ID_770 Yoga,57.7,164,2920 kcal,133,2,Advanced,2022,32.1,33.797457346497204
ID_771 Zumba,109.3,170,2868 kcal,54,2,Advanced,2025,30.2,-5.8295037588458705
ID_772 Cardio,58.9,168,2957 kcal,130,1,Intermediate,2025,32.3,10.935203728588245
ID_773 Powerlifting,77.8,178,3588 kcal,202,2,Intermediate,2022,22.9,60.077932124985814
ID_774 Zumba,105.8,174,1542 kcal,72,5,Intermediate,2022,29.9,23.609029113489356
ID_775 Cardio,60.5,182,3889 kcal,164,4,Elite,2022,18.4,60.56493413236448
ID_776 Bodybuilding,66.0,198,1653 kcal,55,4,Advanced,2023,26.0,13.745619738337572
ID_777 Zumba,100.6,181,2729 kcal,201,1,Elite,2025,34.7,44.602791506490185
ID_778 Powerlifting,100.4,198,2262 kcal,105,3,Beginner,2022,14.1,43.63001629518527
ID_779 Cardio,94.9,184,1820 kcal,207,6,Intermediate,2024,18.5,99.69005499473519
ID_780 Zumba,98.6,193,2241 kcal,195,1,Elite,2025,21.0,60.74890737767169
ID_781 Bodybuilding,88.0,187,3924 kcal,86,2,Beginner,2024,11.7,31.094581383189645
ID_782 Zumba,67.6,175,3830 kcal,206,6,Beginner,2023,10.2,109.80186782904461
ID_783 Yoga,74.2,160,2579 kcal,187,3,Beginner,2022,30.4,55.0677605081253
ID_784 Yoga,62.7,184,2638 kcal,163,2,Intermediate,2024,34.4,29.955262513342007
ID_785 Bodybuilding,113.6,157,2325 kcal,40,7,Advanced,2023,18.9,31.75732644884743
ID_786 Powerlifting,90.8,195,3444 kcal,126,5,Intermediate,2022,10.4,65.15727771066486
ID_787 Cardio,78.1,163,3933 kcal,167,2,Beginner,2024,9.8,63.50048828864699
ID_788 Bodybuilding,82.3,159,2467 kcal,106,5,Beginner,2024,32.1,26.292069737668633
ID_789 Yoga,116.3,151,1524 kcal,43,6,Beginner,2023,20.5,21.108702563425467
ID_790 Zumba,60.7,195,2096 kcal,192,5,Advanced,2022,16.6,79.22055321249123
ID_791 Crossfit,91.0,158,2902 kcal,86,6,Beginner,2022,20.9,37.99120090643555
ID_792 Bodybuilding,85.4,152,2338 kcal,77,6,Beginner,2024,16.6,36.66601698879069
ID_793 Yoga,92.8,170,2355 kcal,182,6,Beginner,2024,21.2,79.29077344079907
ID_794 Zumba,51.3,175,2782 kcal,60,6,Beginner,2024,31.2,18.1160065697941
ID_795 Cardio,111.0,157,1881 kcal,96,6,Beginner,2022,24.0,41.326008886147356
ID_796 Cardio,115.2,197,2954 kcal,156,2,Elite,2023,26.8,39.92815330281674
ID_797 Powerlifting,89.6,151,3337 kcal,85,6,Beginner,2023,17.8,41.75168371987469
ID_798 Cardio,98.8,155,3428 kcal,181,2,Advanced,2022,27.9,56.13002898826758
ID_799 Powerlifting,114.6,177,3473 kcal,184,6,Advanced,2025,26.0,72.73702943418903
ID_800 Yoga,99.5,178,1787 kcal,78,5,Intermediate,2023,11.2,49.07883423027739
ID_801 Yoga,60.7,175,2707 kcal,176,7,Elite,2024,23.5,72.21792008416844
ID_802 Powerlifting,90.3,174,3467 kcal,138,6,Advanced,2025,14.9,70.2658891710069
ID_803 Cardio,92.5,161,3515 kcal,116,3,Intermediate,2025,29.7,22.086484816699926
ID_804 Yoga,79.7,154,3770 kcal,154,6,Advanced,2023,19.5,65.41924035853332
ID_805 Bodybuilding,101.6,183,3995 kcal,173,6,Advanced,2025,34.9,55.26047080036225
ID_806 Yoga,115.4,197,3453 kcal,190,5,Intermediate,2025,10.5,86.02700515698112
ID_807 Powerlifting,114.8,186,2709 kcal,130,4,Intermediate,2023,29.1,34.73197671759075
ID_808 Crossfit,81.6,164,2807 kcal,137,5,Beginner,2023,26.2,54.44637544945284
ID_809 Crossfit,57.9,193,3860 kcal,159,3,Beginner,2025,28.7,44.387055865588195
ID_810 Zumba,118.9,185,1926 kcal,85,4,Intermediate,2024,16.3,35.565276946048044
ID_811 Zumba,108.7,164,3121 kcal,77,1,Elite,2022,21.3,7.954200182242751
ID_812 Yoga,58.7,192,2612 kcal,181,1,Advanced,2025,29.5,46.28469651859055
ID_813 Cardio,114.5,197,3645 kcal,139,3,Intermediate,2025,14.3,55.215281391194594
ID_814 Cardio,110.9,172,3670 kcal,111,5,Beginner,2024,14.1,50.93535677825131
ID_815 Cardio,86.3,155,3636 kcal,74,2,Intermediate,2025,22.9,4.198580536866789
ID_816 Yoga,91.4,195,3285 kcal,186,3,Intermediate,2025,22.1,63.961482292009364
ID_817 Bodybuilding,77.9,199,3167 kcal,69,7,Elite,2022,15.6,46.75839761267729
ID_818 Cardio,53.8,193,3740 kcal,117,4,Advanced,2022,16.0,42.705760808383275
ID_819 Yoga,73.5,192,1977 kcal,123,4,Advanced,2022,15.5,49.123026906504194
ID_820 Powerlifting,106.2,194,2330 kcal,152,6,Intermediate,2023,28.8,58.92580250730479
ID_821 Yoga,50.3,170,2642 kcal,64,1,Advanced,2023,25.6,-7.974640285608834
ID_822 Yoga,73.3,172,2548 kcal,207,4,Elite,2022,30.5,62.95573908295057
ID_823 Cardio,77.9,192,3752 kcal,127,3,Beginner,2022,34.3,26.524544708132023
ID_824 Zumba,87.6,165,3328 kcal,53,4,Beginner,2023,20.8,21.765092194258052
ID_825 Bodybuilding,114.4,196,1920 kcal,193,3,Elite,2024,9.8,91.36889906135583
ID_826 Bodybuilding,74.2,164,2770 kcal,141,2,Beginner,2025,9.3,65.03327384183547
ID_827 Yoga,74.3,174,3627 kcal,189,6,Beginner,2025,16.0,87.11884741158005
ID_828 Yoga,101.6,185,1656 kcal,215,1,Elite,2022,33.2,48.73886559259024
ID_829 Powerlifting,81.7,160,2768 kcal,122,4,Intermediate,2024,22.1,46.895611338854444
ID_830 Powerlifting,65.7,164,2538 kcal,149,3,Elite,2023,15.3,53.522035381381706
ID_831 Bodybuilding,81.7,153,1671 kcal,218,5,Intermediate,2022,18.8,85.82952357527174
ID_832 Cardio,59.9,170,2222 kcal,170,1,Beginner,2024,24.2,42.4336697381745
ID_833 Crossfit,62.3,162,1553 kcal,209,2,Advanced,2024,25.6,60.72663349911448
ID_834 Powerlifting,84.9,171,2730 kcal,58,3,Elite,2024,12.2,25.62315311532938
ID_835 Crossfit,79.3,168,3938 kcal,67,7,Elite,2023,34.4,17.507991889328196
ID_836 Powerlifting,114.0,183,3108 kcal,212,7,Beginner,2023,22.7,92.98561028648909
ID_837 Zumba,75.4,163,3259 kcal,110,6,Advanced,2025,11.7,67.9347672570266
ID_838 Yoga,90.6,153,3397 kcal,102,6,Elite,2025,32.1,32.89070357037025
ID_839 Bodybuilding,94.3,197,3804 kcal,112,2,Advanced,2024,10.0,50.38371144060889
ID_840 Bodybuilding,50.9,195,3520 kcal,163,2,Beginner,2024,32.5,42.21028300532975
ID_841 Powerlifting,96.4,176,2862 kcal,158,6,Advanced,2023,34.9,54.28020118350317
ID_842 Yoga,62.5,178,2502 kcal,160,4,Beginner,2025,26.9,49.949236050307405
ID_843 Powerlifting,117.3,196,3984 kcal,58,4,Advanced,2024,28.8,13.842539886745522
ID_844 Crossfit,60.4,177,2299 kcal,214,3,Advanced,2025,17.1,78.83012540680964
ID_845 Powerlifting,79.0,184,2047 kcal,181,5,Beginner,2025,33.4,57.3099517248652
ID_846 Zumba,56.0,157,3633 kcal,159,3,Intermediate,2024,22.3,53.49099337082796
ID_847 Crossfit,119.8,165,1742 kcal,205,5,Beginner,2023,27.8,73.61316263803259
ID_848 Zumba,85.2,191,2964 kcal,100,2,Beginner,2024,33.0,6.798661407947314
ID_849 Powerlifting,91.7,185,3333 kcal,203,1,Advanced,2024,34.3,37.40450542508566
ID_850 Powerlifting,54.7,179,1851 kcal,207,3,Advanced,2025,30.5,65.99566465162741
ID_851 Crossfit,102.5,167,3868 kcal,69,3,Beginner,2024,16.2,26.011710634031807
ID_852 Cardio,64.7,151,3802 kcal,48,5,Beginner,2023,34.1,-5.323054962481709
ID_853 Powerlifting,112.9,198,2333 kcal,103,2,Advanced,2024,25.0,17.46606325231572
ID_854 Bodybuilding,64.4,162,2652 kcal,200,2,Elite,2023,33.1,51.175327146366925
ID_855 Yoga,63.3,153,2533 kcal,159,7,Intermediate,2023,26.3,69.25286176780283
ID_856 Zumba,52.6,175,2377 kcal,91,5,Beginner,2025,16.3,34.24773170516455
ID_857 Yoga,83.0,174,3800 kcal,128,2,Beginner,2022,18.0,39.1538066672879
ID_858 Zumba,89.5,179,3448 kcal,181,6,Intermediate,2022,22.9,77.61827297626984
ID_859 Powerlifting,54.6,160,3595 kcal,92,4,Advanced,2025,29.3,19.882440990503607
ID_860 Crossfit,104.3,156,1774 kcal,117,7,Intermediate,2024,16.6,63.15914824217198
ID_861 Crossfit,81.7,180,4000 kcal,80,6,Intermediate,2025,23.7,31.12224058977762
ID_862 Bodybuilding,86.7,193,3337 kcal,107,1,Beginner,2023,17.3,31.58598175849761
ID_863 Powerlifting,80.9,159,2489 kcal,47,3,Advanced,2022,30.0,-6.196428569331359
ID_864 Cardio,78.1,188,3759 kcal,41,7,Advanced,2025,20.6,20.969608804528104
ID_865 Bodybuilding,89.2,162,3729 kcal,144,1,Beginner,2024,10.1,50.624634320307756
ID_866 Crossfit,60.9,180,3185 kcal,164,3,Beginner,2025,12.5,58.43237013855753
ID_867 Yoga,62.7,156,3504 kcal,149,4,Intermediate,2022,9.6,57.55444405968605
ID_868 Yoga,110.3,198,3512 kcal,125,2,Elite,2025,21.5,39.61867649027007
ID_869 Crossfit,116.2,191,3104 kcal,208,6,Intermediate,2025,10.9,95.19887759219591
ID_870 Zumba,76.1,191,3126 kcal,159,5,Elite,2022,11.1,68.61174208708094
ID_871 Yoga,69.0,185,3672 kcal,166,6,Elite,2023,33.4,52.261206115251966
ID_872 Powerlifting,95.1,169,3663 kcal,55,4,Beginner,2023,31.6,-0.20325315705397884
ID_873 Powerlifting,78.6,153,2838 kcal,101,1,Advanced,2022,20.2,20.449442694182288
ID_874 Bodybuilding,51.8,156,2294 kcal,152,5,Beginner,2025,34.6,38.812566331570174
ID_875 Yoga,60.9,150,2118 kcal,215,2,Beginner,2022,8.0,88.89093071128079
ID_876 Yoga,100.1,193,3580 kcal,197,4,Advanced,2023,24.6,72.51117065578859
ID_877 Bodybuilding,96.1,194,3134 kcal,51,5,Advanced,2024,24.6,9.50504274692233
ID_878 Zumba,51.9,191,3142 kcal,74,4,Beginner,2025,20.4,22.029516885258065
ID_879 Bodybuilding,65.5,196,3002 kcal,50,4,Intermediate,2023,18.7,14.944713799807072
ID_880 Bodybuilding,66.2,162,2410 kcal,103,2,Advanced,2025,20.3,26.014963193168295
ID_881 Yoga,97.0,171,1591 kcal,89,7,Intermediate,2022,19.2,52.9734175849184
ID_882 Powerlifting,51.4,170,3785 kcal,188,3,Elite,2024,27.7,62.661567075013046
ID_883 Cardio,57.3,171,3403 kcal,108,5,Advanced,2022,11.7,66.65433693082893
ID_884 Zumba,106.0,177,1674 kcal,87,2,Intermediate,2024,13.3,17.493130354229113
ID_885 Cardio,62.5,158,3424 kcal,59,4,Advanced,2025,12.9,23.498521384241855
ID_886 Yoga,95.7,175,2169 kcal,140,2,Intermediate,2025,15.1,56.95004590537492
ID_887 Powerlifting,66.7,158,2467 kcal,211,7,Intermediate,2022,22.2,83.75649841111583
ID_888 Yoga,57.0,164,3909 kcal,200,3,Beginner,2024,11.0,90.75632532085353
ID_889 Powerlifting,67.0,159,1711 kcal,176,6,Advanced,2024,31.4,63.45675636571623
ID_890 Zumba,100.6,173,1595 kcal,107,5,Intermediate,2025,16.0,49.52066386511273
ID_891 Yoga,109.9,191,2744 kcal,74,3,Intermediate,2022,12.4,23.32101006940265
ID_892 Bodybuilding,108.1,157,3681 kcal,104,1,Advanced,2024,26.2,12.90418389997852
ID_893 Crossfit,77.8,173,3013 kcal,47,5,Intermediate,2025,9.0,41.73688179854953
ID_894 Powerlifting,96.8,165,3996 kcal,84,3,Elite,2023,24.7,18.72158432379387
ID_895 Yoga,64.3,198,2852 kcal,126,4,Advanced,2022,26.9,35.897504858948984
ID_896 Cardio,70.5,175,2323 kcal,214,5,Beginner,2023,13.8,96.06859598189618
ID_897 Zumba,112.7,176,3622 kcal,207,5,Advanced,2022,9.1,95.91891199848672
ID_898 Cardio,50.9,186,3665 kcal,115,2,Advanced,2025,17.8,36.3657557490322
ID_899 Powerlifting,56.0,153,2079 kcal,115,4,Elite,2024,10.7,48.9112933392004
ID_900 Yoga,64.6,199,3169 kcal,213,1,Intermediate,2024,11.1,76.49423675695948
ID_901 Cardio,51.9,173,2662 kcal,86,6,Intermediate,2024,14.9,43.31461867279641
ID_902 Powerlifting,62.7,168,3268 kcal,54,7,Advanced,2022,16.0,28.380166796526616
ID_903 Crossfit,90.8,185,1965 kcal,144,3,Advanced,2025,22.3,48.24978893623842
ID_904 Yoga,79.5,188,2875 kcal,186,2,Elite,2023,26.3,46.67113579222222
ID_905 Cardio,112.5,159,1707 kcal,65,3,Beginner,2025,24.0,11.376295349479493
ID_906 Yoga,107.2,174,3437 kcal,91,1,Intermediate,2023,12.0,31.630341229139553
ID_907 Bodybuilding,73.9,167,2488 kcal,132,1,Advanced,2022,12.6,35.190932717297855
ID_908 Powerlifting,68.2,168,3711 kcal,189,5,Intermediate,2022,31.7,65.58342048474802
ID_909 Bodybuilding,76.6,185,3804 kcal,60,7,Beginner,2023,23.1,29.780932715156684
ID_910 Crossfit,91.3,159,2266 kcal,90,1,Intermediate,2023,31.5,-1.6326170046353168
ID_911 Powerlifting,68.8,182,2512 kcal,77,3,Intermediate,2023,18.0,34.31461644443034
ID_912 Yoga,93.7,199,1807 kcal,59,4,Elite,2025,24.6,14.077218521225825
ID_913 Zumba,78.7,154,2667 kcal,196,4,Intermediate,2023,22.1,69.0395355521163
ID_914 Powerlifting,88.6,196,3114 kcal,218,5,Beginner,2022,16.6,88.37893538816799
ID_915 Zumba,80.5,198,2124 kcal,171,6,Advanced,2022,20.7,77.96581234218348
ID_916 Zumba,70.6,184,3852 kcal,94,3,Intermediate,2024,21.6,23.61971886768294
ID_917 Powerlifting,116.4,193,2514 kcal,131,3,Intermediate,2023,13.4,55.10259049270513
ID_918 Yoga,103.5,183,1556 kcal,67,1,Elite,2025,16.5,11.987600844384197
ID_919 Crossfit,59.8,182,3711 kcal,43,7,Intermediate,2025,29.4,22.50094032216925
ID_920 Cardio,110.8,170,3862 kcal,189,3,Intermediate,2025,32.7,46.14730276258559
ID_921 Zumba,84.1,166,3022 kcal,115,2,Advanced,2024,17.7,30.244683804519983
ID_922 Cardio,112.6,171,3380 kcal,212,6,Elite,2022,16.3,93.83497342984967
ID_923 Crossfit,106.0,197,2136 kcal,106,1,Elite,2025,13.3,30.449667512376124
ID_924 Cardio,79.8,186,1568 kcal,125,2,Intermediate,2022,26.3,26.66721485651495
ID_925 Powerlifting,51.6,164,2998 kcal,201,5,Beginner,2024,16.7,98.5172020271326
ID_926 Zumba,68.8,184,3976 kcal,130,4,Beginner,2023,34.7,40.67623502175954
ID_927 Yoga,87.9,177,2965 kcal,144,5,Intermediate,2023,16.8,63.93527537410522
ID_928 Bodybuilding,94.3,156,3566 kcal,40,4,Beginner,2023,18.6,15.764860370252288
ID_929 Cardio,68.1,181,2037 kcal,111,5,Beginner,2025,24.3,39.057839099602106
ID_930 Zumba,59.8,160,2619 kcal,126,3,Advanced,2023,29.6,24.630872332409346
ID_931 Yoga,108.4,159,2571 kcal,205,2,Intermediate,2025,20.7,66.24963879722374
ID_932 Cardio,118.9,158,2743 kcal,45,4,Advanced,2024,19.4,18.57558875731027
ID_933 Zumba,86.8,163,1971 kcal,192,1,Advanced,2024,34.9,46.44813380784006
ID_934 Zumba,62.0,162,3805 kcal,184,2,Elite,2025,8.3,78.61854210261355
ID_935 Zumba,69.1,174,2679 kcal,100,1,Advanced,2022,32.2,-1.188871465771058
ID_936 Powerlifting,51.3,151,3182 kcal,51,2,Beginner,2023,12.0,14.553861609231438
ID_937 Crossfit,114.0,184,1581 kcal,45,2,Elite,2023,29.2,-14.384337824329961
ID_938 Powerlifting,58.2,156,1568 kcal,66,5,Intermediate,2023,24.7,27.604217787013603
ID_939 Zumba,90.4,170,3225 kcal,175,4,Elite,2025,17.2,67.29807802599834
ID_940 Zumba,69.2,167,1629 kcal,163,4,Elite,2024,31.6,47.04444942184484
ID_941 Zumba,88.8,152,1737 kcal,145,7,Intermediate,2023,8.3,85.440251340025
ID_942 Crossfit,95.6,191,3632 kcal,132,2,Beginner,2024,14.1,59.7106995990595
ID_943 Cardio,108.1,188,1812 kcal,148,3,Elite,2023,23.3,47.581374698947634
ID_944 Powerlifting,64.4,190,3819 kcal,138,3,Intermediate,2023,17.5,48.00864481096875
ID_945 Bodybuilding,50.8,198,3024 kcal,207,1,Advanced,2025,24.5,52.194789393981814
ID_946 Bodybuilding,59.6,160,3246 kcal,181,1,Intermediate,2022,8.7,74.25319724251554
ID_947 Powerlifting,113.0,188,1630 kcal,74,5,Advanced,2025,11.1,40.371817678514624
ID_948 Cardio,111.2,173,3269 kcal,215,2,Beginner,2023,11.4,90.60571232463849
ID_949 Cardio,91.8,195,2201 kcal,123,1,Elite,2023,13.1,44.00806556474362
ID_950 Bodybuilding,92.0,168,3291 kcal,95,1,Beginner,2022,20.4,16.205219486957645
ID_951 Zumba,96.6,153,3365 kcal,216,6,Advanced,2024,28.3,75.47861909572048
ID_952 Zumba,62.3,175,3743 kcal,180,2,Intermediate,2024,32.4,44.48284558601804
ID_953 Yoga,114.0,187,3336 kcal,88,5,Beginner,2023,30.6,20.405482356141995
ID_954 Yoga,79.3,191,3302 kcal,85,1,Elite,2024,13.3,23.236729212281528
ID_955 Powerlifting,76.8,181,3030 kcal,152,5,Beginner,2023,19.9,67.1652480342717
ID_956 Cardio,86.3,188,3505 kcal,175,4,Advanced,2022,13.4,65.65208942187583
ID_957 Zumba,53.3,194,1627 kcal,82,5,Beginner,2022,15.1,41.003069220341075
ID_958 Yoga,61.6,195,2075 kcal,187,3,Advanced,2023,21.6,67.67798095442868
ID_959 Zumba,101.7,185,2571 kcal,163,3,Beginner,2022,9.8,72.48055280878032
ID_960 Cardio,55.8,189,1724 kcal,136,5,Advanced,2025,13.9,55.90228914406289
ID_961 Crossfit,92.2,186,1949 kcal,129,3,Intermediate,2025,33.3,28.73668234886982
ID_962 Cardio,67.2,182,2248 kcal,78,4,Advanced,2022,20.6,32.49768290953347
ID_963 Yoga,77.3,185,1701 kcal,124,2,Beginner,2023,20.0,37.31616899200038
ID_964 Crossfit,70.2,152,2390 kcal,216,3,Advanced,2023,8.4,90.74152896945732
ID_965 Crossfit,74.9,158,3419 kcal,101,3,Beginner,2022,14.7,43.458064702867226
ID_966 Powerlifting,100.3,157,2488 kcal,145,5,Intermediate,2024,31.4,41.84840594780585
ID_967 Yoga,70.8,182,2911 kcal,146,4,Beginner,2025,12.4,55.87083545898366
ID_968 Zumba,89.6,155,2139 kcal,93,7,Intermediate,2024,19.2,48.15701092534535
ID_969 Cardio,83.3,190,1923 kcal,165,7,Advanced,2023,8.4,93.59522595851999
ID_970 Zumba,96.5,188,3381 kcal,48,7,Intermediate,2023,20.9,34.31468380718217
ID_971 Crossfit,115.6,153,3269 kcal,127,7,Advanced,2024,8.6,78.13251287083968
ID_972 Cardio,101.3,162,3877 kcal,76,2,Intermediate,2022,30.1,8.459105343624298
ID_973 Crossfit,65.0,198,1756 kcal,88,5,Elite,2024,30.3,29.066557150519802
ID_974 Crossfit,52.2,151,3101 kcal,80,5,Elite,2024,29.3,20.14311496850945
ID_975 Bodybuilding,68.4,154,1866 kcal,56,6,Beginner,2025,15.7,32.82030349046205
ID_976 Cardio,91.7,193,1725 kcal,127,4,Advanced,2025,30.6,40.51583896574939
ID_977 Bodybuilding,53.6,176,1875 kcal,60,7,Beginner,2024,22.7,25.709214878846566
ID_978 Yoga,84.7,181,3871 kcal,90,2,Intermediate,2024,18.1,26.425664307611473
ID_979 Bodybuilding,91.8,170,2255 kcal,98,4,Elite,2023,24.9,25.736455855414903
ID_980 Crossfit,73.4,157,2847 kcal,206,7,Beginner,2025,8.3,112.94130801615485
ID_981 Powerlifting,104.0,187,1766 kcal,80,2,Beginner,2025,11.9,27.6303225971243
ID_982 Powerlifting,57.5,157,2304 kcal,78,4,Elite,2023,28.0,17.63796967689062
ID_983 Cardio,55.3,199,1687 kcal,180,5,Beginner,2022,14.6,88.12439943698344
ID_984 Crossfit,101.0,152,2445 kcal,50,5,Advanced,2025,24.1,10.699786102756768
ID_985 Bodybuilding,84.7,193,1691 kcal,186,1,Advanced,2025,18.4,58.399097366093024
ID_986 Powerlifting,98.2,152,1685 kcal,178,3,Beginner,2022,31.1,47.9793693445109
ID_987 Yoga,80.4,171,3599 kcal,116,7,Elite,2025,33.7,43.62205658021516
ID_988 Powerlifting,67.2,155,2841 kcal,166,6,Elite,2025,31.9,67.76665393344474
ID_989 Powerlifting,107.3,151,3516 kcal,85,4,Advanced,2022,15.3,32.61379245037409
ID_990 Yoga,106.0,172,1846 kcal,84,6,Elite,2022,13.2,41.77301143822978
ID_991 Powerlifting,98.6,193,3512 kcal,40,1,Intermediate,2024,20.8,-8.006637128410032
ID_992 Zumba,69.1,151,3227 kcal,207,3,Beginner,2023,8.2,86.79590958889541
ID_993 Bodybuilding,91.3,187,2767 kcal,147,4,Beginner,2023,8.7,68.68115416851664
ID_994 Bodybuilding,75.3,166,1926 kcal,58,2,Intermediate,2022,22.9,6.292643978932918
ID_995 Zumba,56.4,184,1890 kcal,115,7,Intermediate,2022,22.1,63.493304755877176
ID_996 Crossfit,114.2,183,1839 kcal,111,3,Elite,2025,34.9,25.644195223274217
ID_997 Zumba,59.6,172,3208 kcal,148,5,Advanced,2024,13.4,74.6347324453348
ID_998 Cardio,116.5,179,2679 kcal,51,1,Beginner,2024,15.0,19.972193183086713
ID_999 Zumba,81.2,157,2221 kcal,200,3,Beginner,2022,11.1,85.80049228331316
